"","burial.number","Latitude","Longitude"
"1","5_092",37.9407477348317,23.6936406957797
"2","XI_1376",37.9397492207193,23.6939732133455
"3","XI_1414",37.9397311064871,23.6939119022119
"4","XI_1262",37.9397391474572,23.6938969390792
"5","5_239",37.9408406368416,23.693853110357
"6","5_238",37.9408300650242,23.6938332844693
"7","5_234",37.9408322328389,23.6938774423555
"8","5_245",37.9408233957315,23.6938623274992
"9","5_258",37.9408007891046,23.6939558995381
"10","5_227",37.9407960589123,23.6939355018873
"11","5_246",37.9408060062497,23.6937904049071
"12","5_249",37.9408040316754,23.6937877137422
"13","5_076",37.9407990628492,23.6937842782839
"14","5_089",37.9407900041608,23.6937871247444
"15","5_073",37.9408074425233,23.6938164245051
"16","5_012",37.940801208921,23.6938201217994
"17","5_014",37.9407930476622,23.6938390539658
"18","5_011",37.940785760963,23.6937995606245
"19","5_019",37.9407965257505,23.6938607450827
"20","5_015",37.9407873393812,23.6938471771364
"21","5_020",37.9407931115314,23.6938634587328
"22","5_231",37.9408045850005,23.6938355507685
"23","5_235",37.9408046256967,23.6938511006303
"24","5_023",37.9408072156282,23.6938933129868
"25","5_047",37.9407995921144,23.6938887016319
"26","5_247",37.9407796696916,23.6937598460762
"27","5_248",37.9407777011064,23.6937590986412
"28","5_218",37.9407692224943,23.6937549221839
"29","5_216",37.9407609488226,23.6937632722907
"30","5_230",37.940771998996,23.6937699211947
"31","5_217",37.9407721784388,23.6937730523009
"32","5_147",37.9407867275497,23.6937769872002
"33","5_149",37.9407647156784,23.6937974884706
"34","5_220",37.9407639957271,23.693816497691
"35","5_010",37.9407752682838,23.693809971854
"36","5_009",37.940756798272,23.6938152337868
"37","5_016",37.9407617025594,23.6937936681644
"38","5_190",37.940755705077,23.6937997679892
"39","5_121",37.9407580213426,23.6938465756789
"40","5_118",37.9407800313104,23.6938270656561
"41","5_140",37.9407677845684,23.6938501663916
"42","5_018",37.9407611586407,23.6938603076978
"43","5_022",37.940772022111,23.6938872279634
"44","5_250",37.9407805408111,23.6939001818856
"45","5_259",37.9407775602091,23.6938960427907
"46","5_128",37.9407737745698,23.693868069904
"47","5_184",37.9407837596696,23.6938737866707
"48","5_257",37.940769664673,23.6939187077064
"49","5_025",37.9407297751137,23.6937179541074
"50","5_221",37.9407328272649,23.6937260099866
"51","5_168",37.940740554488,23.6937358057444
"52","5_176",37.9407371326051,23.6937431648613
"53","5_201",37.9407274275329,23.6937600675308
"54","5_232",37.9407485930263,23.6937705309926
"55","5_205",37.9407166156632,23.6937298024208
"56","5_222",37.9407135840946,23.6937296079537
"57","5_024",37.9407097175042,23.6937550726704
"58","5_174",37.9407060837382,23.6937438111199
"59","5_214",37.9407340266422,23.6937772128333
"60","5_157",37.9407346098786,23.693781037588
"61","5_072",37.9407127673369,23.6937932316708
"62","5_226",37.9407435967761,23.693802413223
"63","5_005",37.9407187317825,23.6938182411182
"64","5_156",37.9407481204504,23.6938093260762
"65","5_188",37.9407424020813,23.6938156603057
"66","5_256",37.9407479708747,23.6938458437549
"67","5_125",37.9407382345652,23.6938511602784
"68","5_219",37.9407274246304,23.6938529636352
"69","5_224",37.9407517023552,23.6938944493122
"70","5_017",37.9407470893609,23.6938847441045
"71","5_154",37.9407421867013,23.6939093493833
"72","5_021",37.9407343411544,23.6939104734809
"73","5_223",37.9407350717043,23.6939134202024
"74","5_210",37.9407254490915,23.693920166743
"75","5_155",37.94072817322,23.6938969009137
"76","5_211",37.9407256672316,23.6938822877079
"77","5_200",37.9406856669057,23.6936079430303
"78","5_206",37.9406891161502,23.6937246151352
"79","5_183",37.9406985589555,23.6937535043817
"80","5_074",37.9407050224217,23.6937808071404
"81","5_182",37.9406805258615,23.6937638492056
"82","5_087",37.9406729230407,23.6938001987992
"83","5_243",37.9406756889171,23.6937932350484
"84","5_242",37.9406743470338,23.6937881263539
"85","5_117",37.9406962196792,23.6938270318647
"86","5_008",37.9407037960026,23.6938442607168
"87","5_004",37.940686733819,23.6938540017278
"88","5_006",37.9407026505707,23.6938660018247
"89","5_044",37.940693080638,23.6938608477948
"90","5_027",37.9407039226687,23.6938685536655
"91","5_028",37.940699504767,23.6938731276223
"92","5_049",37.9406968520997,23.693875135928
"93","5_048",37.940699723167,23.6938839140751
"94","5_233",37.9406791238957,23.6938480406273
"95","5_252",37.9407117798495,23.6938963297318
"96","5_251",37.9407087439793,23.6938969023065
"97","5_137",37.9406689335115,23.6935818189329
"98","5_150",37.9406704728989,23.6935897229313
"99","5_123",37.9406750936404,23.6936140767648
"100","5_124",37.9406479449625,23.6936148296983
"101","5_122",37.9406464805003,23.6936355331068
"102","5_148",37.9406655292984,23.6936595865746
"103","5_126",37.9406625862305,23.6936715049009
"104","5_260",37.940662494579,23.693684691603
"105","5_001",37.9406780638531,23.6937092387229
"106","5_094",37.9406757072457,23.6937034946944
"107","5_254",37.940666869989,23.6937120827204
"108","5_198",37.9406647109069,23.6937335879267
"109","5_255",37.9406598873515,23.6937284937668
"110","5_002",37.9406525624882,23.6937890776147
"111","5_229",37.9406424930235,23.6937952058041
"112","5_003",37.9406398811047,23.6937721511787
"113","5_080",37.9406715694464,23.6938391693611
"114","5_138",37.9406373176896,23.6935821057338
"115","5_146",37.9406254712999,23.693589770878
"116","5_163",37.9406372167809,23.6936189395261
"117","5_141",37.940627662916,23.6936034066638
"118","5_142",37.9406239542125,23.6936130919613
"119","5_127",37.9406127117265,23.6935977152354
"120","5_152",37.9406150624972,23.6936494082308
"121","5_213",37.9406311328632,23.6936718763371
"122","5_143",37.9406081164456,23.6936553504156
"123","5_153",37.9406112499353,23.6936679637346
"124","5_145",37.9406271654513,23.6936794846752
"125","5_106",37.9406208989344,23.6936788712653
"126","5_107",37.9406176754028,23.6936804028498
"127","5_129",37.9406050261022,23.6936354660685
"128","5_083",37.9406056218734,23.6936454520367
"129","5_104",37.9406069839592,23.6936823661956
"130","5_131",37.9406060811453,23.6937000298549
"131","5_130",37.9406040428687,23.6937191367185
"132","5_170",37.9406001189534,23.6936707278113
"133","5_212",37.9406361311257,23.6937436956784
"134","5_225",37.9406214612397,23.6937487118754
"135","5_169",37.9405923261731,23.6937339993102
"136","5_191",37.9405865423328,23.6937156693703
"137","5_192",37.9405786163757,23.6937098336562
"138","5_132",37.9405741550338,23.6937057314882
"139","5_102",37.9405911834808,23.6936751943125
"140","5_075",37.9405858668999,23.6936842069124
"141","5_078",37.9405847591026,23.69367659473
"142","5_167",37.9405967698545,23.6936563173132
"143","5_079",37.9405718651465,23.6936617904961
"144","5_136",37.9406011770539,23.6936022335687
"145","5_093",37.9405776557439,23.6936073265831
"146","5_109",37.9405766585289,23.6936040839598
"147","5_144",37.9405782978947,23.6935882198634
"148","5_070",37.9405840562754,23.6935548436933
"149","5_197",37.9405869502651,23.6935482788538
"150","5_055",37.9405922585797,23.6935450599687
"151","5_059",37.9405801384949,23.6935328836397
"152","5_202",37.9405662830316,23.6934380074172
"153","5_139",37.9405507756235,23.6934374326366
"154","5_060",37.9405659143524,23.6935387765687
"155","5_101",37.9405532512445,23.6935367525614
"156","5_161",37.9405545349908,23.693567832363
"157","5_069",37.9405637184376,23.693594724247
"158","5_068",37.9405609418069,23.6936216660769
"159","5_135",37.9405494044333,23.6936385752341
"160","5_097",37.9405637918033,23.6936468261635
"161","5_084",37.9405537201482,23.6936435110393
"162","5_133",37.9405493333287,23.6936840441942
"163","5_095",37.9405406695454,23.6936625045431
"164","5_053",37.9405130246825,23.6935099550769
"165","5_051",37.9405085197234,23.6935267051329
"166","5_151",37.9405078651538,23.6935410674621
"167","5_085",37.9405185572538,23.693545892414
"168","5_116",37.9405155600099,23.6935718757956
"169","5_081",37.9405210432199,23.6935511260499
"170","5_056",37.9405043613296,23.6935625577586
"171","5_071",37.9405312144369,23.6936285819367
"172","5_194",37.9405122448885,23.6936351342267
"173","5_134",37.9405257553948,23.6936544356205
"174","5_099",37.9405152673126,23.6936049946771
"175","5_066",37.9405143627218,23.6935978869377
"176","5_103",37.9405057459253,23.6936183800506
"177","5_065",37.9405077068626,23.6935938394649
"178","5_112",37.9405027423143,23.6936075244574
"179","5_105",37.9405086791489,23.6936027051692
"180","5_090",37.9404062919622,23.6931488384433
"181","5_113",37.9404252835897,23.6932352533518
"182","5_082",37.9404545001379,23.6932524872073
"183","5_189",37.9404801326767,23.6934112027128
"184","5_160",37.940476689733,23.6934180839364
"185","5_158",37.9404683026609,23.6934629446091
"186","5_162",37.9404748765638,23.6934807727447
"187","5_045",37.9404681919764,23.6934960331208
"188","5_061",37.9404674447808,23.6935507251253
"189","5_057",37.9404789962788,23.6935436848603
"190","5_165",37.9404832046829,23.6935647685301
"191","5_062",37.940472639854,23.6935706814419
"192","5_063",37.9404900855595,23.6935865910001
"193","5_253",37.9404815128108,23.693635946495
"194","5_241",37.9404918790361,23.6936158011496
"195","5_244",37.9404881339126,23.6936115810609
"196","5_237",37.9404969114225,23.6936042724328
"197","5_195",37.9404934258403,23.6936024490782
"198","5_177",37.9404910021614,23.6935951872229
"199","5_029",37.9404531164339,23.6933280338746
"200","5_040",37.9403885902373,23.6932707423644
"201","5_110",37.9403881324241,23.693284853485
"202","5_120",37.9403801897512,23.6932726506657
"203","5_114",37.9403583062192,23.6932616293548
"204","5_115",37.9403411313836,23.6931981471701
"205","5_096",37.9404561284587,23.6928703809245
"206","5_041",37.9404386064959,23.6928498366922
"207","5_159",37.9404546042596,23.69344314901
"208","5_166",37.9404527593518,23.6934558923423
"209","5_172",37.9404397200892,23.6934613160122
"210","5_178",37.9404383563246,23.6934691877286
"211","5_077",37.9404609749617,23.69349693727
"212","5_100",37.9404502043276,23.6934999786773
"213","5_052",37.9404470664082,23.6935101054017
"214","5_050",37.9404470899622,23.6935190956907
"215","5_043",37.9404338299045,23.6934897843792
"216","5_098",37.9404287706714,23.6934931262654
"217","5_185",37.9404295943212,23.6934830991142
"218","5_186",37.9404223653398,23.6934863157776
"219","5_187",37.9404239224535,23.6934765598268
"220","5_181",37.9404273993064,23.6934509739161
"221","5_031",37.9404195161993,23.693454960343
"222","5_030",37.9404173527676,23.6934641247785
"223","5_204",37.9403987358128,23.6934776243958
"224","5_215",37.9404085158253,23.6934903692304
"225","5_046",37.9404044376603,23.6934557050129
"226","5_203",37.9404158584603,23.6934424721627
"227","5_199",37.9404224544316,23.6934236649441
"228","5_208",37.9404219703716,23.6934081648127
"229","5_179",37.9404083763692,23.6934371490233
"230","5_180",37.9404013582348,23.693439655821
"231","5_033",37.9403962671646,23.6934291287565
"232","5_207",37.9403842981746,23.6934501946301
"233","5_036",37.9403853835834,23.6934296533365
"234","5_086",37.9403763803128,23.6934233783413
"235","5_035",37.9403655970892,23.6934143931869
"236","5_034",37.9403584351815,23.6934101873921
"237","5_037",37.9403461716177,23.6934158331503
"238","5_111",37.9403499228518,23.6933257578118
"239","5_108",37.9403358343264,23.6933352463448
"240","5_038",37.9403326592265,23.693331184358
"241","5_039",37.9403359930748,23.6933232588955
"242","5_054",37.9402864222017,23.6933172331345
"243","5_091",37.9402764147921,23.6932335814763
"244","5_119",37.9402573247248,23.6932048227013
"245","5_064",37.9404550131871,23.6935465913934
"246","5_067",37.940452068908,23.6935497856047
"247","5_173",37.9404592316037,23.6935350273846
"248","5_209",37.9404437640212,23.693540365589
"249","IX_825",37.9402631960115,23.6935236625017
"250","IX_837",37.9402659576545,23.6934782814863
"251","IX_828",37.9402822682099,23.693492306605
"252","IX_870",37.9402868587764,23.6934580102291
"253","IX_832",37.9402955861263,23.6934910685691
"254","IX_847",37.94031189889,23.6935506612117
"255","IX_851",37.9403417518626,23.6934943307593
"256","IX_839",37.9403344727118,23.6934918154105
"257","IX_834",37.9403269108653,23.693491482831
"258","IX_814",37.9403118989169,23.6935864554064
"259","IX_838",37.9403164410985,23.6936024939249
"260","IX_844",37.940328286082,23.6935502490892
"261","IX_857",37.9403376455498,23.6935517804705
"262","IX_841",37.9403324561391,23.6935412117112
"263","IX_840",37.9403351162462,23.6935361967184
"264","IX_845",37.9403428094337,23.6935350584294
"265","IX_869",37.9403356880951,23.693543584645
"266","IX_858",37.9403540819854,23.6935281923184
"267","IX_854",37.9403475137415,23.6935496771607
"268","IX_859",37.9403621464584,23.6935280675935
"269","IX_860",37.9403637456896,23.6935336986771
"270","IX_815",37.9403362478351,23.6936196420089
"271","IX_833",37.9403439260775,23.6936097000517
"272","IX_825",37.9403494826994,23.6936142232481
"273","IX_842",37.940362104252,23.6935945316931
"274","IX_850",37.9403624251708,23.6935518875148
"275","IX_849",37.9403711567241,23.6935590342466
"276","IX_861",37.9403817999596,23.6935538072416
"277","IX_848",37.9403747899938,23.6935714758685
"278","IX_843",37.9403734764275,23.6936198507285
"279","IX_862",37.9403867243324,23.6935629784857
"280","IX_864",37.940387668662,23.6935632351491
"281","IX_866",37.9403913763394,23.6936398746094
"282","IX_836",37.9403966429541,23.6936692591333
"283","IX_873",37.9404358884617,23.693621902591
"284","IX_863",37.9404451711889,23.6936547026432
"285","IX_853",37.9404225518696,23.6936645362833
"286","IX_852",37.9404154238598,23.6936615696268
"287","IX_931",37.9404167643492,23.6936826652577
"288","IX_928",37.9404258396232,23.6937119701671
"289","IX_931",37.940440569106,23.6937476187261
"290","IX_932",37.9404557629179,23.6937344441376
"291","IX_985",37.9404612409275,23.6937116972104
"292","IX_939",37.9404636409738,23.693759509236
"293","IX_941",37.9404660573061,23.6937381475444
"294","IX_1029",37.9404674467557,23.693702556871
"295","IX_972",37.9404649432001,23.6936640998343
"296","IX_1001",37.9404716719046,23.6936815108241
"297","IX_947",37.9404761203862,23.6936941254596
"298","IX_1030",37.9404850855776,23.6937044508838
"299","IX_946",37.9404751417292,23.6937255082853
"300","IX_940",37.940479170382,23.6937416343431
"301","IX_1047",37.9404696913155,23.6937952941881
"302","IX_990",37.940477015958,23.6937645767989
"303","IX_942",37.9404859190962,23.6937567088958
"304","IX_1039",37.9404829655796,23.6937890854955
"305","IX_1003",37.9404771049043,23.6938078532119
"306","IX_1056",37.9404804908461,23.6938091432583
"307","IX_1005",37.9404898301672,23.6938267391119
"308","IX_1036",37.9404979071717,23.6938097078747
"309","IX_1035",37.940497533811,23.6938371711022
"310","IX_1034",37.9404988572209,23.6938328114983
"311","IX_1012",37.9405039965702,23.6937137424371
"312","IX_1011",37.9405056710862,23.6937157725114
"313","IX_943",37.9405036077676,23.6937349545626
"314","IX_1037",37.9405089221842,23.6937905283006
"315","IX_1033",37.9405134145573,23.6937799737198
"316","IX_1026",37.9405083638825,23.6938306642089
"317","IX_1053",37.9405132311973,23.6938201092041
"318","IX_1027",37.9405115713882,23.693823697494
"319","IX_986",37.9405190913831,23.6938703729307
"320","IX_1014",37.9405239110732,23.6938626267711
"321","IX_1023",37.9405165613083,23.6938599887678
"322","IX_1024",37.9405201451018,23.6938476820088
"323","IX_1025",37.9405233180346,23.6938485120464
"324","IX_1071",37.9405287530139,23.6938850814251
"325","IX_1070",37.9405309164024,23.6938428254965
"326","IX_1063",37.9405324374262,23.693825467682
"327","IX_1062",37.9405358979284,23.6938418157673
"328","IX_1054",37.9405385948847,23.6938384780667
"329","IX_1013",37.9405406250435,23.693872741224
"330","IX_1010",37.9405394430061,23.6938674076795
"331","IX_1065",37.9405409190028,23.6938576395414
"332","IX_995",37.9405456330181,23.6938312119971
"333","IX_1056",37.9405442568282,23.6938791172216
"334","IX_1015",37.9405515115572,23.6938881467746
"335","IX_1052",37.9405503673813,23.6938972819252
"336","IX_994",37.9405608113654,23.6938575827192
"337","IX_1065",37.940576205724,23.693861798604
"338","IX_1051",37.9405870399627,23.6938503401392
"339","IX_1072",37.940591253659,23.693866234437
"340","IX_1061",37.9405900200843,23.6938732373052
"341","IX_1007",37.9405869246927,23.6939016951767
"342","IX_1055",37.9405994357557,23.6938790269918
"343","IX_1009",37.9405972598997,23.693897577928
"344","IX_1073",37.9405934551359,23.6939105172237
"345","IX_1067",37.9405970966425,23.6939202651584
"346","IX_975",37.9405898218822,23.6939500833337
"347","IX_1042",37.9406121939105,23.6939969586396
"348","IX_1041",37.9406138255479,23.6939894897965
"349","IX_974",37.9406220688918,23.6939509366366
"350","IX_823",37.9406392102898,23.6939917988215
"351","IX_1049",37.9406380865432,23.6939608560104
"352","IX_1006",37.9406282289239,23.6938922513653
"353","IX_973",37.940625218678,23.6939112279969
"354","IX_1044",37.9406335440435,23.6939040293894
"355","IX_1031",37.940636551508,23.6939267022667
"356","IX_1058",37.9406462066811,23.6939603043399
"357","IX_1046",37.9406516449817,23.6939554348006
"358","IX_1043",37.940648001644,23.6939449858401
"359","IX_1068",37.9406491726696,23.6939247536663
"360","IX_1045",37.940654510808,23.6939349964018
"361","IX_1057",37.9406575822382,23.6939387140425
"362","IX_1060",37.940658909132,23.6939425743855
"363","IX_1069",37.9406665820654,23.6939457504789
"364","IX_855",37.940669634573,23.6939601497226
"365","IX_819",37.9406684196177,23.6939677260847
"366","IX_822",37.9406581401034,23.6939717725377
"367","IX_821",37.9406608672206,23.6939937444318
"368","IX_812",37.9406640809376,23.6940101664163
"369","IX_846",37.9406894035623,23.6939780481017
"370","IX_813",37.940692689891,23.6939822598917
"371","IV_377",37.9401785507707,23.6934861689279
"372","IV_080",37.9402108567263,23.6935095181595
"373","IV_477",37.9402209988138,23.6936164474232
"374","IV_138",37.9401333069042,23.6937103029713
"375","IV_104",37.9399901046033,23.6936780143223
"376","IV_103",37.9400103121504,23.6936947202657
"377","IV_347",37.9400056334793,23.693700556201
"378","IV_368",37.940002571524,23.6936928873687
"379","IV_420",37.9399931015104,23.6937272756598
"380","IV_363",37.9399939681286,23.6936930325327
"381","IV_371",37.940004890343,23.6937179334073
"382","IV_366",37.9400056832608,23.6936861794253
"383","IV_392",37.9399740850978,23.693700784626
"384","IV_364",37.9399774970077,23.693686863822
"385","IV_384",37.9399747661833,23.6936848381725
"386","IV_394",37.9400813516727,23.693806359176
"387","IV_393",37.9400968826387,23.6937963071176
"388","IV_404",37.9400923629089,23.6938294684846
"389","IV_278",37.9401104472992,23.6937987746366
"390","IV_463",37.9401171985223,23.693821353204
"391","IV_417",37.940116959019,23.6938293658546
"392","IV_418",37.9401216758572,23.6938384548749
"393","IV_319",37.9401238490665,23.6938715871893
"394","IV_279",37.9401331786647,23.6937835361605
"395","IV_300",37.9401347322071,23.6938457519996
"396","IV_301",37.9401305954763,23.6938592673013
"397","IV_315",37.9401359903023,23.6938615504194
"398","IV_316",37.9401342211959,23.693882957108
"399","IV_317",37.9401349897277,23.6938776860122
"400","IV_123",37.9401396350456,23.6937595857812
"401","IV_284",37.9401379185836,23.6937680427358
"402","IV_299",37.9401621574272,23.6939303574208
"403","IV_237",37.9401750251191,23.6938655572625
"404","IV_541",37.9401725678084,23.6938564588066
"405","IV_242",37.9401606201305,23.6938409257568
"406","IV_475",37.940190697341,23.6937187134985
"407","IV_447",37.9401954367754,23.6937612181033
"408","IV_522",37.9401920127357,23.6938142379421
"409","IV_599",37.9401843016944,23.6938237077162
"410","IV_079",37.9401799496967,23.6938210913603
"411","IV_413",37.9402091827278,23.6938326022197
"412","IV_632",37.94018321923,23.6939080850112
"413","IV_631",37.9401858557609,23.6938954317518
"414","IV_602",37.9401977281491,23.6939045831142
"415","IV_151",37.9401992497346,23.6938908806971
"416","IV_150",37.9402074467887,23.6938987124952
"417","IV_362",37.9401962652361,23.693876986545
"418","IV_627",37.9402076726628,23.693870335023
"419","IV_612",37.9402016050477,23.693874434449
"420","IV_072",37.9402038527463,23.6938695611741
"421","IV_623",37.9402019612608,23.6938714115199
"422","IV_470",37.940233968629,23.6936726069254
"423","IV_369",37.9402182240658,23.6936675140095
"424","IV_370",37.9402227741526,23.6936793474948
"425","IV_490",37.9402126992228,23.6937150551048
"426","IV_215",37.9402437881512,23.6937052680912
"427","IV_177",37.9402414489601,23.6937082412612
"428","IV_293",37.9402190327051,23.6937440003864
"429","IV_188",37.9402310795594,23.6937643616393
"430","IV_193",37.9402381856743,23.6937562110675
"431","IV_029",37.9402362576498,23.693748923265
"432","IV_196",37.9402341884487,23.6937448589261
"433","IV_557",37.940217675777,23.6937902984355
"434","IV_484",37.9402188596427,23.6938173339934
"435","IV_056",37.9402183346148,23.693829205735
"436","IV_055",37.9402194523151,23.6938526590822
"437","IV_054",37.9402111852233,23.6938607712417
"438","IV_356",37.9402139077554,23.6938592850087
"439","IV_294",37.9402418660531,23.6938675828844
"440","IV_474",37.9402381715323,23.6938837297392
"441","IV_303",37.9402200141832,23.6938865492565
"442","IV_302",37.9402289925969,23.693906067542
"443","IV_304",37.9402146965556,23.6939058460883
"444","IV_476",37.9402215420808,23.6939072924058
"445","IV_483",37.9402152592658,23.6939083724217
"446","IV_608",37.9402088903344,23.6939202867476
"447","IV_071",37.9402258928207,23.6939118399939
"448","IV_350",37.9402231945276,23.6939222459272
"449","IV_309",37.9402351786889,23.6939317473426
"450","IV_211",37.9402440408743,23.6939175238113
"451","IV_218",37.9402317279603,23.6939522005831
"452","IV_098",37.9402401673104,23.6939461953271
"453","IV_059",37.940245832224,23.6939855722489
"454","IV_778",37.9402102741785,23.6940013831147
"455","IV_586",37.9402184734311,23.6940100581901
"456","IV_533",37.9402238508797,23.6940029424846
"457","IV_365",37.9402193736871,23.6939927770127
"458","IV_530",37.9402247048078,23.6939893134063
"459","IV_292",37.940220659944,23.6939952297722
"460","IV_587",37.9402252155204,23.6939719632947
"461","IV_353",37.9402352988562,23.6939776796237
"462","IV_229",37.9402376149388,23.693991366041
"463","IV_231",37.9402345305901,23.6940030379237
"464","IV_480",37.9402345388566,23.6940061981721
"465","IV_266",37.9402485299269,23.693995955679
"466","IV_531",37.940249991788,23.6939807797665
"467","IV_578",37.9402467844255,23.694009167412
"468","IV_118",37.940246917329,23.6940175950387
"469","IV_162",37.9402456315711,23.6940363527045
"470","IV_010",37.9402278429376,23.6940192200121
"471","IV_593",37.9402243433439,23.6940213410812
"472","IV_695",37.9402271533723,23.6940322862233
"473","XI_916",37.9402236533939,23.6940339156686
"474","XI_1038",37.9402296876554,23.6940442851848
"475","XI_925",37.9402095322085,23.6940154327907
"476","XI_900",37.9401985451908,23.6940146615095
"477","XI_878",37.9402061959788,23.6940269452575
"478","IV_310",37.940268855635,23.6938852484446
"479","IV_318",37.9402525624422,23.6939029841898
"480","IV_006",37.9402516741616,23.6938624937039
"481","IV_466/529",37.9402565616182,23.6938369042613
"482","IV_173",37.9402563624133,23.6937793917975
"483","IV_358",37.9402605809898,23.6937761433509
"484","IV_414",37.9402827440323,23.6937789607767
"485","IV_372",37.9403035228169,23.6938145407926
"486","IV_115",37.9402953605111,23.6937841760251
"487","IV_116",37.940309691688,23.6937806042828
"488","IV_039",37.9403053894459,23.6937639422555
"489","IV_065",37.9403426247253,23.6937777230717
"490","IV_066",37.9403344850134,23.6937893899025
"491","IV_030",37.9403287934636,23.6938063144178
"492","IV_067",37.9403441657049,23.6938020794189
"493","IV_383",37.9403498948855,23.6937995313776
"494","IV_437",37.9403301384989,23.6937864582884
"495","IV_149",37.9403367318057,23.6938189497527
"496","IV_050",37.9403359133841,23.6937614307067
"497","IV_258",37.9403156518094,23.6937557568799
"498","IV_078",37.9403604938926,23.6937805026576
"499","IV_077",37.9403640607837,23.6938044374545
"500","IV_076",37.9403687740325,23.6937773772328
"501","IV_462",37.9404003753625,23.6938266469282
"502","IV_397",37.9404227769663,23.6938179932414
"503","IV_398",37.9404187360621,23.6938016589846
"504","IV_282",37.9404113715842,23.6937772176663
"505","IV_416",37.9404252582863,23.6937698069428
"506","IX_945",37.9404199086169,23.6937517221805
"507","IV_239",37.9403972026284,23.6937432567399
"508","IV_410",37.9404017023397,23.6937558188036
"509","IV_158",37.9404037516843,23.6937522983111
"510","IV_195",37.9403899286415,23.6937626801477
"511","IV_252",37.9403842857533,23.6937534333652
"512","IV_396",37.9403944760967,23.6937576743522
"513","IV_194",37.9403759094085,23.6937435652524
"514","IV_185",37.9403680625148,23.6937007992531
"515","IV_192",37.9403625417246,23.6937168445169
"516","IV_338",37.9403577655652,23.6937515422706
"517","IV_047",37.9403343733092,23.6937136697991
"518","IV_176",37.9403282542837,23.6937001972634
"519","IV_155",37.9403387342874,23.6936863254097
"520","IV_159",37.9403449019484,23.6936849829706
"521","IV_186",37.9403369684471,23.6936755784731
"522","IV_171",37.9403344744489,23.6936579825466
"523","IV_227",37.9403222253591,23.6936533279659
"524","IV_226",37.940326482921,23.6936649680865
"525","IV_160",37.9403228013154,23.6936609104767
"526","IX_816?",37.9403240754579,23.6936590786322
"527","IV_243",37.9403343427074,23.6937350294616
"528","IV_125",37.9403138956853,23.6937318498217
"529","IV_339",37.9403097854496,23.6937255293353
"530","IV_262",37.9403794323791,23.6937197362853
"531","IV_040",37.9402978790652,23.6937381678262
"532","IV_038",37.9402913441848,23.693741770765
"533","IV_389",37.9402880261287,23.6937443781645
"534","IV_139",37.9402808599549,23.6937523093556
"535","IV_127",37.9402805953431,23.6937445320854
"536","IV_165",37.9402892705728,23.6937528910599
"537","IV_164",37.940287158107,23.6937488257605
"538","IV_126",37.9402844227717,23.6937313059601
"539","IV_216",37.94029000926,23.6937227964174
"540","IV_212",37.9402866955259,23.6937239562366
"541","IV_232",37.9402930160658,23.6937121558852
"542","IV_351",37.9402920029148,23.6937073007632
"543","IV_214",37.9402905780691,23.6937011443255
"544","IV_051",37.9403101376755,23.6936937907181
"545","IV_004",37.9403137326499,23.6936850721212
"546","IV_022",37.9403018426102,23.6936812331379
"547","IV_002",37.9402963235316,23.6936690178959
"548","IV_005",37.9402974400201,23.6936579209399
"549","IV_001",37.9402905293935,23.6936443504368
"550","IV_003",37.9402857078254,23.6936407050011
"551","IV_021",37.9402829546399,23.6936686879193
"552","IV_170",37.9402963073013,23.6936339100033
"553","IV_509",37.9402852169776,23.6936866182412
"554","IV_043",37.9402771788612,23.6936802868449
"555","IV_142",37.9402750284897,23.6936758586777
"556","IV_041",37.9402650865533,23.693700398359
"557","IV_508",37.9402599668868,23.6936999383476
"558","IV_220",37.940256451254,23.6936993737706
"559","IV_540",37.9402489478622,23.6937007126785
"560","IV_267",37.9402587920666,23.6936887587831
"561","IV_143",37.9402580909876,23.6936836451681
"562","IV_287",37.9402504954597,23.6936711381644
"563","IV_327",37.9402580404744,23.6936643547881
"564","IV_120",37.9402612050282,23.6936767846967
"565","IV_148",37.9402723917774,23.6937483320369
"566","IV_145",37.9402732094837,23.6937618471761
"567","IV_157",37.9402701700807,23.693740069035
"568","IV_184",37.9402694269664,23.6937547025346
"569","IV_175",37.9402655562541,23.6937328049584
"570","IV_044",37.9402589312597,23.6937608575118
"571","IV_147",37.9402632508356,23.6937486785925
"572","IV_152",37.9402581313911,23.6937486476107
"573","IV_357",37.9402586722523,23.6937400726424
"574","IV_222",37.9402630796695,23.6937438893769
"575","IV_174",37.9402480679064,23.6937532724221
"576","IV_433",37.9402584294525,23.6937309876975
"577","IV_221",37.9402683366592,23.6937269166128
"578","IV_042",37.9402725618308,23.6937248107083
"579","IV_063",37.9402774482798,23.6937174364195
"580","IV_555",37.9402696337728,23.6937204324451
"581","IV_630",37.9402790667399,23.6936274998191
"582","IV_166",37.9402753332116,23.6936018974154
"583","IV_556",37.9402940074787,23.6936013266736
"584","IV_553",37.9402922710348,23.6935918268943
"585","IV_487",37.9402907925159,23.6935872035976
"586","IV_489",37.9402850072614,23.6935931170163
"587","IV_486",37.9402847194666,23.6935830307979
"588","IV_485",37.9402903885145,23.6935809256831
"589","IV_488",37.940278681007,23.6935786439064
"590","IV_167",37.9402728405809,23.6935834513987
"591","IV_234",37.9402814849408,23.6935800205829
"592","IV_565",37.9402704030826,23.6935674735205
"593","IV_564",37.9402751949114,23.6935618294088
"594","IV_560",37.9402769556007,23.6935651006945
"595","IV_559",37.9402778275105,23.6935635163418
"596","IX_829",37.9402570480858,23.6935380420365
"597","IX_827",37.9402671795697,23.6935476797278
"598","IX_856",37.9402664931601,23.6935485122118
"599","IX_826",37.9402639299907,23.6935495892423
"600","IX_818",37.9402619812902,23.6935536805998
"601","IX_872",37.9402595301103,23.6935431470738
"602","IX_871",37.9402603169574,23.6935452172615
"603","IV_584",37.9403789278131,23.6938551152939
"604","IV_460",37.9403564817945,23.6938306128687
"605","IV_791",37.9403550433457,23.6938354418094
"606","IV_431",37.940337162343,23.6938622337625
"607","IV_430",37.9403296714624,23.6938604328007
"608","IV_448",37.9403446085476,23.6938469634407
"609","IV_180",37.9403481164986,23.6938401161188
"610","IV_178",37.9403435750002,23.693842233581
"611","IV_172",37.9403293573731,23.6938268601884
"612","IV_122",37.940335996431,23.6938417098476
"613","IV_594",37.9403354842538,23.6938330083923
"614","IV_207",37.9403361704116,23.6938224367187
"615","IV_062",37.9403190826742,23.6938554742358
"616","IV_429",37.9403157615712,23.6938403876823
"617","IV_550",37.9403102729081,23.6938473638959
"618","IV_037",37.9403152151276,23.6938550977548
"619","IV_114",37.9403120454009,23.6938682357836
"620","IV_203",37.9403059325282,23.693872261433
"621","IV_028",37.940311452008,23.6938997933235
"622","IV_595",37.9403020885043,23.6938867292056
"623","IV_281",37.9402973910478,23.6938984783896
"624","IV_280",37.9402895706565,23.6939071497337
"625","IV_213",37.9402967586622,23.6939120360009
"626","IV_537",37.9402839525683,23.6939070320554
"627","IV_453",37.9402966097307,23.6938733757585
"628","IV_653",37.9402930280278,23.6938727056127
"629","IV_654",37.9402907372174,23.693872125675
"630","IV_543",37.9402935986157,23.6938792753056
"631","IV_589",37.9403156100125,23.6938837287335
"632","IV_606",37.9403220260574,23.6939001532096
"633","IV_605",37.9403215078881,23.6938926045966
"634","IV_644",37.9403190214769,23.6938947726586
"635","IV_581",37.9403183484325,23.693882458657
"636","IV_661",37.9403204052811,23.6938793933495
"637","IV_692",37.9403231014758,23.6938895412219
"638","IV_660",37.9403270735949,23.6938837264293
"639","IV_624",37.9403241163107,23.6939098540921
"640","IV_663",37.9403395916523,23.6938916301175
"641","IV_678",37.9403403451574,23.6939030049189
"642","IV_668",37.940342397649,23.6939010298544
"643","IV_607",37.9403477017488,23.6938872410728
"644","IV_235",37.9403483054429,23.6939054298393
"645","IV_247",37.9403558635088,23.6939029401817
"646","IV_614",37.9403639180952,23.6938986924836
"647","IV_246",37.9403580071743,23.6938930975878
"648","IV_688",37.9403607731072,23.6938871865408
"649","IV_181",37.9402542137827,23.6940212165205
"650","IV_031",37.9402586748257,23.6940255531236
"651","IV_032",37.9402664753834,23.6940092958306
"652","IV_011",37.9402615397734,23.6940574968031
"653","IV_009",37.9402607213459,23.6940636808069
"654","IV_012",37.9402586918712,23.694053435701
"655","IV_613",37.9402659724702,23.6940720176765
"656","IV_467",37.9402764529309,23.6940596822137
"657","IV_191",37.9402745734217,23.6940640452571
"658","IV_124",37.9402738359117,23.6940587804325
"659","IV_703",37.9402830445718,23.6940498643333
"660","IV_033",37.9402758592008,23.6940521862683
"661","IV_169",37.9402848960881,23.6940637461623
"662","IV_210",37.9402540631878,23.693921273889
"663","IV_219",37.9402518176654,23.6939345582678
"664","IV_382",37.9402563242984,23.6939349605373
"665","IV_381",37.9402539971477,23.6939597631647
"666","IV_539",37.9402486605142,23.6939611191833
"667","IV_253",37.9402521777435,23.6939657396719
"668","IV_667",37.9402587740105,23.6939570040249
"669","IV_473",37.9402622842741,23.6939593063944
"670","IV_472",37.9402699302142,23.6939476860362
"671","IV_380",37.9402655050186,23.6939573970182
"672","IV_090",37.9402661578254,23.6939302843604
"673","IV_091",37.9402621414619,23.6939474374322
"674","IV_053",37.9402567872568,23.6939878981961
"675","IV_052",37.9402640080803,23.6939719107524
"676","IV_254",37.9402707480598,23.6939764222078
"677","IV_198",37.940261352634,23.6940045557142
"678","IV_189",37.9402655892672,23.6940047622364
"679","IV_197",37.9402666348,23.694007185275
"680","IV_075",37.9402612410336,23.6940163324196
"681","IV_270",37.9402629980057,23.6940016480373
"682","IV_283",37.9402615930223,23.6939958431619
"683","IV_271",37.9402664077089,23.6939910047021
"684","IV_657",37.9402632610806,23.6939857590303
"685","IV_709",37.9402769921735,23.6939950016731
"686","IV_272",37.9402720302254,23.6939966053536
"687","IV_290",37.9402682347011,23.6940003322688
"688","IV_604",37.9402692340585,23.6939816577287
"689","IV_603",37.940271949567,23.6939833431928
"690","IV_582",37.9402719629633,23.6939884642316
"691","IV_744",37.940278872221,23.6939791309558
"692","IV_648",37.9402755137971,23.6939883595193
"693","IV_495",37.9402768158922,23.6940096157374
"694","IV_600",37.940287788009,23.6939709250547
"695","IV_719",37.9402913109542,23.6939904786384
"696","IV_499",37.9402905422001,23.6939956666696
"697","IV_201",37.9402986721695,23.6940198919678
"698","IV_202",37.9402973568606,23.6940032311289
"699","IV_129",37.9402947329774,23.6940093532461
"700","IV_230",37.9403038561317,23.6939922141511
"701","IV_036",37.9403001844069,23.6939998542077
"702","IV_493",37.9402976789072,23.6939768094802
"703","IV_500",37.9402988441477,23.693973656853
"704","IV_492",37.940303826444,23.6939719074187
"705","IV_228",37.9403075109631,23.6939788055328
"706","IV_046",37.9403058683679,23.6939862197658
"707","IV_622",37.9403074359735,23.6939687445967
"708","IV_344",37.9403045748481,23.6939589410939
"709","IV_223",37.940304513582,23.6939541263803
"710","IV_601",37.9402967487059,23.693957492032
"711","IV_683",37.9402965668546,23.6939627402072
"712","IV_591",37.9403127886965,23.6939966231491
"713","IV_596",37.9403145858576,23.6939735297461
"714","IV_675",37.9403183645801,23.6939788843109
"715","IV_345",37.9403117429794,23.6939707011008
"716","IV_471",37.940329107226,23.6940113084108
"717","IV_503",37.9403313978252,23.6939897561029
"718","IV_702",37.9403357729421,23.6939805392246
"719","IV_646",37.9403362189021,23.6939639324853
"720","IV_354",37.94033877212,23.6940241698627
"721","IV_355",37.9403300697824,23.694024391649
"722","IV_494",37.9402663886725,23.694032311528
"723","IV_625",37.9402722101888,23.6940337063652
"724","IV_259",37.9402789304192,23.6940234316003
"725","IV_647",37.9402805756899,23.6940356470869
"726","IV_630/633",37.9402800916192,23.6940376861633
"727","IV_633",37.9402800713842,23.6940382199796
"728","IV_501",37.9402985820933,23.694041621725
"729","IV_498",37.9403003211553,23.6940335276929
"730","IV_136",37.9402920400998,23.694044920815
"731","IV_496",37.9402901539636,23.694052952868
"732","IV_552",37.9403015215843,23.694062782358
"733","IV_526",37.9403008015808,23.6940866132539
"734","IV_554",37.9403145184843,23.6940225423455
"735","IV_505",37.9403086292611,23.6940510857252
"736","IV_130",37.9403036806908,23.6940285132175
"737","IV_204",37.9403129749332,23.6940302645691
"738","IV_045",37.9403162109818,23.694071424701
"739","IV_027",37.940313782988,23.6940404464937
"740","IV_105",37.9403193888344,23.6940527695167
"741","IV_137",37.9403099575417,23.6940168826368
"742","IV_134",37.9403149399993,23.6940151946577
"743","IV_156",37.9403121891357,23.6940103297063
"744","IV_640",37.9403261436666,23.6939999007199
"745","IV_621",37.9403053418922,23.6941085114818
"746","IV_732",37.940316650714,23.694138942835
"747","IV_774",37.9403056875822,23.6941531671449
"748","IV_626",37.9403112960702,23.6941361690363
"749","XI_965",37.9402976130679,23.6941325605067
"750","XI_963",37.940281378905,23.6941173889376
"751","XI_964",37.9402850917429,23.6941351209011
"752","XI_955",37.940272477306,23.6941310253975
"753","XI_937",37.9402748958712,23.6941211771233
"754","XI_1103",37.9402792235626,23.6941403529473
"755","XI_1120",37.9402734169139,23.69416912015
"756","XI_1118",37.9402844070304,23.6941652164508
"757","IV_784",37.94028861524,23.694167996167
"758","XI_1120",37.9402718145765,23.6941440186704
"759","XI_954",37.940260107217,23.6941352398432
"760","XI_878",37.9402052208008,23.6940231642694
"761","XI_899",37.9402079885355,23.6940403379688
"762","XI_933",37.9402012647407,23.6940416690383
"763","XI_966",37.940192045575,23.6940341624086
"764","XI_929",37.940195180658,23.6940243122921
"765","XI_930",37.9401906532537,23.6940204482478
"766","XI_915",37.940213831287,23.6940491628505
"767","XI_892",37.9402101775976,23.6940519833046
"768","XI_893",37.9402091690035,23.6940612714779
"769","XI_897",37.9402191659668,23.6940673921752
"770","XI_907",37.9402190580492,23.6941043612122
"771","XI_1088",37.94023731705,23.6941697178574
"772","XI_1114",37.9402448116761,23.6941753664806
"773","XI_1107",37.9402667433454,23.6941820792979
"774","IV_780",37.9403045987333,23.6941738199465
"775","XI_1117",37.9403122268749,23.6941743446451
"776","XI_1116",37.9403083236155,23.6941772002777
"777","IV_161",37.940313413142,23.6941230422354
"778","IV_099",37.9403149721935,23.6941212456281
"779","IV_789",37.9403304252315,23.6941603177839
"780","XI_1048",37.9403249583059,23.6941635497926
"781","IV_717",37.9403388460169,23.6941647892521
"782","IV_718",37.9403462391062,23.6941688325564
"783","IV_715",37.9403354048779,23.6941389386306
"784","IV_712",37.9403499314771,23.6941411620878
"785","IV_571",37.9403396426664,23.6941447578809
"786","IV_573",37.9403521044706,23.694131153228
"787","IV_457",37.940359996408,23.6941201941769
"788","IV_760",37.9403382026518,23.6941241736501
"789","IV_574",37.9403333965641,23.6941185149553
"790","IV_634",37.9403276861055,23.6941223659283
"791","IV_135",37.9403248081213,23.6941247233888
"792","IV_112",37.9403225756372,23.6941123248432
"793","IV_132",37.9403256133612,23.6940924696302
"794","IV_328",37.9403225445001,23.6940914559289
"795","IV_577",37.9403258956355,23.6941045974905
"796","IV_575",37.9403334741612,23.6941071731047
"797","IV_639",37.9403327159615,23.6941012335147
"798","IV_113",37.9403309927947,23.6940967955848
"799","IV_406",37.9403387717991,23.6940802197271
"800","IV_342",37.9403686298063,23.6941125653005
"801","IV_343",37.9403673479229,23.6941086820215
"802","IV_240",37.9403767340128,23.6941083333499
"803","IV_725",37.9403795409691,23.69411603858
"804","IV_403",37.940370117105,23.6941019413497
"805","IV_415",37.9403900696105,23.6941042036336
"806","IV_566",37.9403952666965,23.6941097992486
"807","IV_348",37.9403870234912,23.6940798330558
"808","IV_245",37.9403722311881,23.6940876731132
"809","IV_275",37.9403853780643,23.694067556098
"810","IV_146",37.940393624661,23.6940615960291
"811","IV_013",37.9403952525008,23.6940481935737
"812","IV_288",37.9403896268854,23.6940469208228
"813","IV_442",37.9403708412199,23.6940386711043
"814","IV_576",37.9403735693789,23.6940407138592
"815","IV_119",37.9403728303928,23.6940814092147
"816","IV_117",37.9403623915809,23.6940738279862
"817","IV_058",37.9403674478795,23.6940810754546
"818","IV_260",37.940364920918,23.6940591232943
"819","IV_261",37.9403641177733,23.6940511627619
"820","IV_263",37.940357385528,23.6940564997073
"821","IV_352",37.9403611754555,23.6940664848459
"822","IV_333",37.9403535320628,23.694078739074
"823","IV_468",37.9403554095569,23.6940487921548
"824","IV_514",37.9403557093391,23.6940700252636
"825","IV_513",37.9403506822469,23.6940732565842
"826","IV_335",37.9403546139258,23.6940623140395
"827","IV_512",37.9403420165636,23.694068539196
"828","IV_100",37.9403503823789,23.6940519904747
"829","IV_141",37.9403449657076,23.6940627195727
"830","IV_140",37.9403462259636,23.6940659144365
"831","IV_597",37.9403336031197,23.6940606729884
"832","IV_131",37.9403282954348,23.6940531102028
"833","IV_598",37.9403241083101,23.6940628736806
"834","IV_285",37.9403207751085,23.694043495687
"835","IV_121",37.9403202920357,23.6940428148882
"836","IV_532",37.940322701875,23.6940454848812
"837","IV_464",37.9403439857448,23.6940364319329
"838","IV_684",37.9403513072442,23.6940317104756
"839","IV_432",37.9403560419908,23.6940386929836
"840","IV_296",37.9403569864602,23.6940290101652
"841","IV_710",37.9403510014794,23.6940137059624
"842","IV_674",37.9403559221986,23.6940049545349
"843","IV_524",37.9403527181613,23.6939918886065
"844","IV_395",37.9403627675954,23.6940022174944
"845","IV_297",37.9403648227557,23.6940215917225
"846","IV_388",37.9403664674517,23.6940149797814
"847","IV_411",37.940372221733,23.6940092770526
"848","IV_407",37.940378573799,23.6940081398529
"849","IV_542",37.9403607741363,23.6940174582377
"850","IV_592",37.9403851971712,23.6940170013279
"851","IV_523",37.9403889316493,23.694005441651
"852","IV_374",37.9403870372122,23.6940289064776
"853","IV_375",37.9403891284509,23.6940245152312
"854","IV_340",37.9403953471686,23.6940285634212
"855","IV_308",37.9404043368628,23.6940448224251
"856","IV_314",37.940403128355,23.6940314329328
"857","IV_208",37.9404031603945,23.6940250746644
"858","IV_217",37.94040629522,23.6940085796034
"859","IV_479",37.9404028594009,23.694021988463
"860","IV_324",37.9404148400794,23.6940418778082
"861","IV_206",37.9404172339942,23.6940226079201
"862","IV_153",37.9404159358933,23.694012181074
"863","IV_337",37.940412352427,23.6940067016417
"864","IV_562",37.9404274003709,23.6940218246726
"865","IV_792",37.9403947305631,23.6939981955744
"866","IV_755",37.9403863917679,23.6939689091927
"867","IV_756",37.9403975405595,23.6939698493597
"868","IV_731",37.9403831197252,23.6939891079492
"869","IV_726",37.9403839408607,23.6939853388074
"870","IV_652",37.9404035095813,23.6940651964876
"871","IV_685",37.9404096957046,23.6940750475979
"872","IV_544",37.9404054302659,23.6940703744507
"873","IV_507",37.940411141034,23.6940855978749
"874","IV_376",37.9404076621057,23.6940825249225
"875","IV_506",37.9404190440117,23.6940792067897
"876","IV_547",37.9404249904026,23.6940907864222
"877","IV_144",37.9404163327099,23.6940705133539
"878","IV_572",37.9404277766916,23.6940533668372
"879","IV_545",37.9404283543136,23.6940684887604
"880","IV_551",37.9404436179332,23.6940537332341
"881","IV_548",37.9404425581761,23.6940413912341
"882","IV_761",37.9404479387362,23.6940423566029
"883","IV_643",37.9404395525039,23.6940883187911
"884","IV_720",37.9404390450232,23.6940814062753
"885","IV_190",37.9404403001142,23.6940750440425
"886","IV_081",37.9404472729761,23.6940869278029
"887","IV_341",37.9404451540268,23.6940290305766
"888","IV_199",37.9404641113648,23.6940632891235
"889","IV_563",37.9404656765859,23.6941065889638
"890","IV_787",37.9404628100516,23.6940912660409
"891","IV_766",37.9404567758974,23.6940330334789
"892","IV_458",37.9404705920452,23.6940293102912
"893","IV_682",37.9404326098937,23.694032173757
"894","IV_757",37.9404385255239,23.69401338308
"895","IV_746",37.9404492159214,23.6940072273115
"896","IV_094",37.9404324526534,23.6940092728274
"897","IV_074",37.9404436527008,23.6940112017298
"898","IV_745",37.940444754901,23.6940025549814
"899","IV_775",37.9404539361153,23.6939989979231
"900","IV_673",37.9404843336622,23.6940880695
"901","IV_785",37.9404883389528,23.6940680531608
"902","IV_786",37.9404874232967,23.6940542914359
"903","IV_808",37.9404996005161,23.6940745498476
"904","IV_805",37.9405057744464,23.6940611284182
"905","IV_804",37.940502366543,23.6940479938914
"906","IV_806",37.9405147639583,23.6940590538718
"907","IV_809",37.9405262419253,23.6940735124179
"908","IV_807",37.9405229080485,23.6940511186075
"909","IV_680",37.9405663231659,23.693957617207
"910","IV_738",37.9405796799797,23.6939815818067
"911","IV_753",37.940573586453,23.6940122997734
"912","IV_713",37.9405643725682,23.69400302232
"913","IV_706",37.9405566420028,23.6940143369431
"914","IV_714",37.9405573025209,23.6939946463486
"915","IV_689",37.9405454817548,23.6939942006054
"916","IV_679",37.9405491530108,23.6939960288956
"917","IV_060",37.9405405710309,23.6939812760488
"918","IV_061",37.9405361871718,23.6939792265406
"919","IV_064",37.9405395691501,23.6939793467225
"920","IV_068",37.9405374359233,23.6939804344673
"921","IV_168",37.940538978244,23.6939167794259
"922","IV_200",37.9405408057832,23.6939214911927
"923","IV_154",37.9405471149865,23.6939242962812
"924","IV_179",37.9405491594263,23.6939302669381
"925","IX_1006",37.9404955525911,23.6938464041955
"926","IV_721",37.9405011143774,23.6938632362711
"927","IV_722",37.9404976736587,23.6938634008458
"928","IV_536",37.9404899471186,23.6938583392853
"929","IV_670",37.9404797732994,23.6938476683731
"930","IV_390",37.9404756525979,23.6938373466168
"931","IV_391",37.9404688489575,23.693845016837
"932","IV_459",37.940522182849,23.6938879459314
"933","IV_449",37.9405131385044,23.6938780202566
"934","IV_454",37.9405071819222,23.6938918300003
"935","IV_428",37.9404982642705,23.6938851995175
"936","IV_007",37.940512033255,23.6939092647848
"937","IV_708",37.940504218718,23.6939160401797
"938","IV_618",37.9404993779692,23.6939026498917
"939","IV_568",37.9404965562796,23.6939179089151
"940","IV_446",37.9404981060273,23.6939153134446
"941","IV_570",37.9404932748614,23.6938831969254
"942","IV_569",37.9404858243763,23.6938699677488
"943","IV_658",37.940486746011,23.6939049501862
"944","IV_412",37.9404692788781,23.6938732585248
"945","IV_426",37.9404750081388,23.6938858951407
"946","IV_425",37.9404829139971,23.6938916308034
"947","IV_676",37.9405238431524,23.6939331140421
"948","IV_469",37.9405116208062,23.6939331650248
"949","IV_461",37.9405050813623,23.6939508726533
"950","IV_656",37.9405071386191,23.6939662217153
"951","IV_669",37.9405131183373,23.6939612520574
"952","IV_699",37.9405064719933,23.6939832311361
"953","IV_671",37.9405099816043,23.6939866624378
"954","IV_649",37.9405122101407,23.6939996141074
"955","IV_089",37.9405205965631,23.6939847449787
"956","IV_088",37.9405241005955,23.6939633047696
"957","IV_083",37.940505869513,23.6940027120786
"958","IV_321",37.9405312634632,23.6940250810341
"959","IV_323",37.9405297252729,23.6940041853429
"960","IV_322",37.9405239633071,23.6940014371434
"961","IV_320",37.9405260440429,23.6940274880995
"962","IV_664",37.9405127676985,23.6940184335736
"963","IV_729",37.9405154550636,23.6940296899504
"964","IV_763",37.9405212385446,23.6940196443864
"965","IV_696",37.9405054615138,23.6940124700654
"966","IV_312",37.9405086819987,23.6940097720351
"967","IV_311",37.9405002727099,23.6940176230564
"968","IV_440",37.9404984916489,23.6940193079318
"969","IV_439",37.940496331692,23.6940353312198
"970","IV_579",37.9404995911596,23.6940330643396
"971","IV_580",37.9404934868695,23.694022110134
"972","IV_441",37.9404909638357,23.6940157909634
"973","IV_264",37.9404882636141,23.6940223617962
"974","IV_069",37.9404896769172,23.6940237670529
"975","IV_276",37.9404842511081,23.6940399610043
"976","IV_265",37.9404819526426,23.6940343863033
"977","IV_455",37.9404768829993,23.6940182474995
"978","IV_697",37.9404888901476,23.6940017381817
"979","IV_758",37.9404895682107,23.6940008146922
"980","IV_741",37.9404990994788,23.6939932571534
"981","IV_750",37.9404956644625,23.6939714840001
"982","IV_776",37.9404967033604,23.6939782611551
"983","IV_687",37.9404825735433,23.6939726743472
"984","IV_691",37.9404805045544,23.6939804021949
"985","IV_707",37.9404752969591,23.6939928420336
"986","IV_740",37.9404708885073,23.6940058543781
"987","IV_739",37.940469109581,23.693993539272
"988","IV_772",37.9404617287409,23.6939866007946
"989","IV_716",37.9404656335384,23.6939833013102
"990","IV_590",37.940462391322,23.6939945744413
"991","IV_434",37.940471707696,23.6939996180038
"992","IV_705",37.9404855887049,23.6939786557459
"993","IV_711",37.9404705404175,23.6939826970393
"994","IV_681",37.9404650523246,23.6939750792346
"995","IV_082",37.9404648186401,23.6939691272056
"996","IV_762",37.940460672649,23.6939618816288
"997","IV_422",37.9404509678296,23.6939826830745
"998","IV_057",37.9404374954112,23.6939565601676
"999","IV_770",37.9404383484663,23.6939632698108
"1000","IV_771",37.9404405036755,23.6939599047901
"1001","IV_436",37.9404413816226,23.6939861211932
"1002","IV_585",37.9404381226896,23.6939861803056
"1003","IV_588",37.9404333666676,23.6939955285197
"1004","IV_768",37.9404378013203,23.6939739274078
"1005","IV_421",37.9404407896546,23.6939813678612
"1006","IV_435",37.9404277237998,23.693965610656
"1007","IV_020",37.9404259079541,23.6939681241571
"1008","IV_024",37.9404296914721,23.6939749672444
"1009","IV_025",37.9404340390296,23.6939755431603
"1010","IV_767",37.9404302642534,23.6939861675586
"1011","IV_790",37.9404182578554,23.6939657525588
"1012","IV_765",37.9404196917875,23.693994681959
"1013","IV_698",37.9404232401159,23.6939884512773
"1014","IV_769",37.9404174097835,23.6939874764083
"1015","IV_108",37.9404271335382,23.6939963078859
"1016","IV_018",37.9404284102425,23.6939937306285
"1017","IV_558",37.9404257903928,23.6939965706806
"1018","IV_788",37.9404115854073,23.6939870557319
"1019","IV_793",37.9404083320717,23.6939968346766
"1020","IV_295",37.9404117997571,23.6939962978623
"1021","IV_205",37.9404134362799,23.6940010331802
"1022","IV_016",37.9404024454452,23.6939853651933
"1023","IV_764",37.94040568622,23.6939669953649
"1024","IV_277",37.9404210217785,23.6939549377754
"1025","IV_084",37.9404100482465,23.69396138834
"1026","IV_014",37.9404099994549,23.6939427386198
"1027","IV_015",37.9404155084204,23.6939386972811
"1028","IV_085",37.9403950426379,23.6939476364659
"1029","IV_274",37.9403871879701,23.6939297726814
"1030","IV_257",37.9403932184646,23.693915618972
"1031","IV_251",37.9403836491245,23.6939079351299
"1032","IV_742",37.9403807904755,23.6939176805633
"1033","IV_615",37.9403772687142,23.6939023729171
"1034","IV_250",37.9403801265093,23.6939109018557
"1035","IV_249",37.9403762885637,23.6939077154702
"1036","IV_248",37.9403705625914,23.693905290332
"1037","IV_734",37.9403760371062,23.6939445759345
"1038","IV_777",37.9403689189774,23.6939422829209
"1039","IV_402",37.9403690091257,23.693957792654
"1040","IV_619",37.9403758231269,23.6939192865499
"1041","IV_637",37.9403736539837,23.6939173256812
"1042","IV_620",37.94037161897,23.6939180579526
"1043","IV_409",37.9403702158457,23.6939170987625
"1044","IV_269",37.9403671417617,23.6939178786131
"1045","IV_408",37.9403648484925,23.693913258704
"1046","IV_733",37.9403627001368,23.6939250985471
"1047","IV_743",37.9403619316104,23.6939379511641
"1048","IV_701",37.9403516084699,23.6939459922443
"1049","IV_268",37.940356129581,23.6939223025218
"1050","IV_017",37.940412034395,23.6939519686041
"1051","IV_128",37.9404300895864,23.6938663605895
"1052","IV_528",37.9404430051061,23.6938226020427
"1053","IV_527",37.9404406496435,23.6938348558678
"1054","IV_567",37.9404423750493,23.6938477219921
"1055","IV_504",37.9404370631412,23.6938516373342
"1056","IV_666",37.940435290662,23.6938772650539
"1057","IV_535",37.9404376904134,23.6938822782783
"1058","IV_481",37.9404447747494,23.6938906006788
"1059","IV_286",37.9404508474661,23.6938925839564
"1060","IV_049",37.9404448485846,23.6938809294453
"1061","IV_359",37.9404310762378,23.693894500932
"1062","IV_385",37.9404331831323,23.6939088392051
"1063","IV_538",37.9404325179042,23.6938977894958
"1064","IV_313",37.9404340422699,23.6939209726421
"1065","IV_291",37.9404580635113,23.6938947525146
"1066","IV_298",37.9404694911078,23.6939095867821
"1067","IV_360",37.9404608664222,23.6938823067718
"1068","IV_238",37.940464409909,23.6938873163646
"1069","IV_482",37.9404638951973,23.6938996888327
"1070","IV_534",37.94045674768,23.6938668775568
"1071","IV_519",37.9404743262802,23.6939008675552
"1072","IV_241",37.9404736110766,23.6938920747501
"1073","IV_070",37.9404756026049,23.69390572387
"1074","IV_008",37.9404914250976,23.6938913472072
"1075","IV_659",37.9405021530737,23.6938857773426
"1076","IV_521",37.9404517549825,23.693916317071
"1077","IV_520",37.9404470250164,23.6939142644608
"1078","IV_561",37.940439548919,23.6939088126496
"1079","IV_346",37.940445979478,23.6939094288074
"1080","IV_101",37.9404433147784,23.6939126946711
"1081","IV_102",37.9404423099949,23.6939179235293
"1082","IV_735",37.9404859548071,23.6939508170057
"1083","IV_737",37.940477407262,23.6939509505278
"1084","IV_609",37.9404822059713,23.693922092977
"1085","IV_517",37.9404836391565,23.6939186956862
"1086","IV_518",37.9404855084985,23.6939297392426
"1087","IV_107",37.940481792696,23.6939353435795
"1088","IV_106",37.9404769506099,23.6939283307875
"1089","IV_456",37.9404800054188,23.6939219064162
"1090","IV_450",37.940470632533,23.6939403917471
"1091","IV_444",37.9404727039292,23.6939294512471
"1092","IV_445",37.9404771198273,23.6939382343062
"1093","IV_451",37.9404676845902,23.6939328885326
"1094","IV_452",37.9404628043621,23.6939412676754
"1095","IV_443",37.9404622194284,23.6939243909437
"1096","IV_306",37.9404611336176,23.6939472230956
"1097","IV_307",37.9404611167307,23.6939531704792
"1098","IV_662",37.9404669253018,23.6939224025322
"1099","IV_610",37.9404593092335,23.6939357935647
"1100","IV_349",37.940458433145,23.693930270975
"1101","IV_525",37.9404563454579,23.6939263728474
"1102","IV_331",37.9404508215699,23.6939271219486
"1103","IV_330",37.9404506307009,23.6939334012221
"1104","IV_329",37.9404481185123,23.6939312289715
"1105","IV_305",37.9404504716406,23.6939394368257
"1106","IV_515",37.9404539289522,23.6939383799748
"1107","IV_516",37.9404524733381,23.6939345827708
"1108","IV_583",37.94045599876,23.6939426787616
"1109","IV_704",37.9404559173741,23.6939429203622
"1110","IV_747",37.9404658041299,23.693816683639
"1111","IV_748",37.9404600320516,23.6938238476871
"1112","IV_749",37.9404626159678,23.6938152004412
"1113","IV_759",37.9404631607113,23.6938229139706
"1114","IV_183",37.9404606171348,23.6938228688212
"1115","IV_724",37.9404633121748,23.6938194878864
"1116","IV_723",37.9404627812052,23.6938215135087
"1117","IV_187",37.9404597543789,23.693820720418
"1118","IV_182",37.9404614514368,23.6938175894608
"1119","IV_23",37.940416144583,23.6939203815573
"1120","IV_635",37.9404135523353,23.6939055240972
"1121","IV_628",37.9404060417224,23.6939027263033
"1122","IV_617",37.9404066730665,23.6939049598849
"1123","IV_636",37.9404061579771,23.6939071993871
"1124","XI_935",37.9401768276764,23.6940226339975
"1125","XI_977",37.9401677650356,23.6940039866477
"1126","XI_926",37.9401676822076,23.6940322770182
"1127","XI_934",37.9401800165309,23.6940464371747
"1128","XI_949",37.9401853536788,23.6940056499166
"1129","XI_924",37.9401807904541,23.6940077321759
"1130","XI_936",37.9401760520106,23.6940065729479
"1131","XI_884",37.9401814057753,23.6940007398933
"1132","XI_950",37.9401751305885,23.6939985344063
"1133","XI_886",37.9401786780462,23.6939954162328
"1134","XI_1022",37.9401117909086,23.6938999400182
"1135","XI_957",37.9401009369291,23.6938938673104
"1136","XI_956",37.9400869879721,23.6938936785518
"1137","XI_953",37.9401380747239,23.6939813204958
"1138","XI_952",37.940135767728,23.6939745532145
"1139","XI_951",37.9401324173624,23.6939796268197
"1140","IV_373",37.9401336696684,23.6939112266605
"1141","IV_611",37.9401413681767,23.693927277031
"1142","XI_1018",37.9401386280891,23.6939482348381
"1143","XI_921",37.9401329466348,23.6939387105569
"1144","XI_922",37.9401245808272,23.6939338974919
"1145","XI_920",37.9401272649673,23.6939404731487
"1146","XI_1104",37.9401278311257,23.6939484517131
"1147","XI_961",37.9401107063185,23.6940062662021
"1148","XI_958",37.9400997164857,23.6939930484278
"1149","XI_883",37.9401215741246,23.6940417486875
"1150","XI_895",37.9400719739927,23.6939707724835
"1151","XI_944",37.9400594710916,23.6939249090266
"1152","XI_918",37.9400496310521,23.6939494880082
"1153","XI_1119",37.9400436911885,23.6939734817082
"1154","XI_898",37.9400503567468,23.6940260348747
"1155","XI_959",37.9400637087907,23.6940247478622
"1156","XI_948",37.940076350608,23.6940386210729
"1157","XI_1105",37.9400863502197,23.6940464430824
"1158","XI_923",37.9401096574686,23.6940928635447
"1159","XI_876",37.9401139096493,23.6941410682176
"1160","XI_982",37.9401384017765,23.6941242918706
"1161","XI_983",37.9401466639329,23.6941273835673
"1162","XI_1016",37.9401348911429,23.6941304643255
"1163","XI_971",37.9401408525916,23.6941147131902
"1164","XI_877",37.9401276620541,23.6941491591069
"1165","XI_1282",37.9401398947343,23.6941785714298
"1166","XI_1113",37.9402118683444,23.6941563873245
"1167","XI_1088",37.9402024343968,23.6941929013252
"1168","XI_1112",37.9401945993561,23.6941808072398
"1169","XI_1112",37.9401802261808,23.6941776272033
"1170","XI_1032",37.9401756491302,23.6941533928072
"1171","XI_1305",37.9400981083253,23.6942387168824
"1172","XI_1299",37.940090060538,23.6942393638099
"1173","XI_1017",37.9401070883117,23.694254720971
"1174","XI_1437",37.9400821743837,23.6942170232357
"1175","XI_1136",37.9400666029622,23.6941557603438
"1176","XI_1167",37.9400694274712,23.6941743176092
"1177","XI_1415/1308",37.9400617711979,23.6942192306662
"1178","XI_1199",37.9400453669829,23.6942079598209
"1179","XI_1152/1153",37.9400388597051,23.6942355758969
"1180","XI_1430",37.940024459971,23.6941943065303
"1181","XI_1130",37.9400283267056,23.6942095432608
"1182","XI_1303",37.9400322506619,23.6942180529339
"1183","XI_909",37.9401476653368,23.6940722605745
"1184","XI_908",37.9401520907401,23.6940812358892
"1185","XI_913",37.9401549445597,23.6940710170965
"1186","XI_927",37.9401583231437,23.6940467495429
"1187","XI_910",37.9401590138023,23.6940661498922
"1188","XI_914",37.9401674546588,23.694080362702
"1189","XI_912",37.9401642803857,23.6940600645664
"1190","XI_911",37.9401682219668,23.6940677274872
"1191","XI_902",37.9401747337468,23.6940590787009
"1192","XI_894",37.9401811782198,23.694055365785
"1193","XI_917",37.9401886641439,23.6940583742228
"1194","XI_905",37.9401927489362,23.6940715149763
"1195","XI_891",37.9401943510284,23.6940572272856
"1196","XI_890",37.9401990759679,23.6940714885967
"1197","XI_993",37.9401915759984,23.6940865451421
"1198","XI_1000",37.9401845614554,23.6940997367225
"1199","XI_1002",37.9401842198941,23.6940942335452
"1200","XI_984",37.9401763435442,23.6940911618646
"1201","XI_992",37.9401752788586,23.694085205357
"1202","XI_903",37.9401767134827,23.694082011783
"1203","XI_991",37.9401795272966,23.694079931132
"1204","XI_889",37.9401785221179,23.6940843223883
"1205","XI_968",37.9401724159723,23.6941184975353
"1206","XI_967",37.9401744357091,23.6941136457044
"1207","XI_1119",37.9401698820744,23.6941273243352
"1208","XI_970",37.9401536084334,23.6941222175998
"1209","XI_998",37.9401520935562,23.694144700932
"1210","XI_881",37.9401573564967,23.6941382548754
"1211","XI_976",37.9401579625405,23.6941401209768
"1212","XI_969",37.9401512531774,23.6941152593266
"1213","XI_980",37.9401564357835,23.694115317383
"1214","XI_1111",37.9401523570009,23.6941041283114
"1215","XI_962",37.9401604642229,23.6940993262122
"1216","XI_1295",37.9398394291901,23.6938658967721
"1217","XI_1161",37.9401179670868,23.6941799476447
"1218","XI_1237",37.9400382580082,23.6942226141095
"1219","XI_1301",37.94003685657,23.6942222990288
"1220","XI_1308",37.940076593892,23.6942068077433
"1221","XI_1122",37.940249619812,23.6941566430703
"1222","XI_1123",37.9402585855346,23.6941727030042
"1223","IV_224",37.9403087034339,23.6939347295347
"1224","IV_93",37.9403066244908,23.693942096654
"1225","IV_690",37.9403068201879,23.6939276725522
"1226","IV_386",37.9402911206849,23.6939191289083
"1227","IV_549",37.9402989328973,23.6939204209772
"1228","IV_225",37.94030337408,23.6939247440034
"1229","IV_693",37.9402995154589,23.6939319125639
"1230","IV_336",37.9402961669549,23.6939383859409
"1231","IV_491",37.9402942759889,23.6939366458276
"1232","IV_686",37.9402967178208,23.6939319071632
"1233","IV_332",37.940295326487,23.6939364878129
"1234","IV_728",37.9402884190694,23.6939241315393
"1235","IV_092",37.9402849944067,23.6939380114756
"1236","IV_378",37.9402803181768,23.6939351392691
"1237","IV_379",37.9402821078516,23.6939360581533
"1238","IV_502",37.9402877740431,23.6939311364749
"1239","IV_387",37.9402831042965,23.693932464678
"1240","IV_497",37.9402885645572,23.6939525245637
"1241","IV_638",37.9403597711177,23.6939696131308
"1242","IV_629",37.94036893845,23.693965228788
"1243","IV_773",37.9403633665912,23.6939779591859
"1244","IV_665",37.9403660260057,23.6939795629483
"1245","IV_650",37.9403605734631,23.6939879467394
"1246","IV_651",37.9403674431581,23.6939700363416
"1247","IV_034",37.9403627073094,23.6939667683468
"1248","IV_035",37.9403697417011,23.6939770176275
"1249","IV_048",37.9403721343378,23.6939772454953
"1250","IV_511",37.9403570410678,23.6939582351894
"1251","IV_754",37.9403556733937,23.6939646251991
"1252","IV_510",37.9403507859856,23.6939730168753
"1253","IV_209",37.9403543238856,23.6939700352956
"1254","IV_641",37.9403460833407,23.693980029635
"1255","IV_289",37.9403450517959,23.6939705507984
"1256","IV_361",37.940345771019,23.6939729581297
"1257","IV_677",37.9403497081174,23.6939699475727
"1258","IV_546",37.9403179239985,23.6939227885043
"1259","IV_694",37.9403180244374,23.6939332738177
"1260","IV_026",37.9403184193613,23.6939450461435
"1261","IV_244",37.9403214663537,23.693921165703
"1262","IV_097",37.9403238846112,23.6939366975797
"1263","IV_087",37.9403270749641,23.6939266173305
"1264","IV_783",37.9403232185264,23.6939315200827
"1265","IV_782",37.9403247328392,23.6939222707527
"1266","IV_405",37.9403228510448,23.6939515951826
"1267","IV_399",37.9403316595993,23.6939117060512
"1268","IV_400",37.9403293975803,23.6939190295542
"1269","IV_401",37.9403300184949,23.6939155548591
"1270","IV_427",37.940340962438,23.6939205312982
"1271","IV_779",37.9403401684977,23.6939164365925
"1272","IV_645",37.9403275085031,23.6939562496123
"1273","IV_256",37.9403259267455,23.6939538447413
"1274","IV_273",37.9403243535058,23.6939546957154
"1275","IV_096",37.9403311715147,23.6939445912315
"1276","IV_163",37.9403304146666,23.6939412383617
"1277","IV_736",37.9403362359924,23.6939494499456
"1278","IV_700",37.9403365950678,23.6939399414118
"1279","IV_727",37.9403416020037,23.6939414090601
"1280","IV_423",37.9403362851153,23.6939379101973
"1281","IV_424",37.9403384193478,23.6939382404256
"1282","IV_781",37.9403481942833,23.6939507861784
"1283","IV_367",37.9403434088653,23.6939557872613
"1284","IV_255",37.9403395585202,23.6939564736158
"1285","IV_086",37.9403376515154,23.6939596270628
"1286","XI_1317",37.9396325563605,23.6939950558235
"1287","XI_1339",37.9397035278944,23.6940025768569
"1288","XI_1340",37.9396974922668,23.693998233198
"1289","XI_1390",37.9397072340282,23.6939743250396
"1290","XI_1315",37.9397046628466,23.6939465022583
"1291","XI_1383",37.9397118417872,23.6939720400398
"1292","XI_1382",37.9397149795417,23.6939711370277
"1293","XI_1373",37.9397204657999,23.6939704734455
"1294","XI_1356",37.9397139294817,23.693995925042
"1295","XI_1353",37.9397186243771,23.6939876719423
"1296","XI_1354",37.9397207531657,23.693986265585
"1297","XI_1355",37.9397233247384,23.6939818530278
"1298","XI_1336",37.9397320862969,23.693976017175
"1299","XI_1393",37.9397251003981,23.6939708683528
"1300","XI_1318",37.939732132618,23.6939685732407
"1301","XI_1361",37.9397397920962,23.6939669503536
"1302","XI_1366",37.9397355168451,23.6939685192957
"1303","XI_1375",37.9397437701784,23.6939627242525
"1304","XI_1374",37.9397488143352,23.6939642941567
"1305","XI_1349",37.9397516979499,23.6939630564899
"1306","XI_1281",37.9397564475033,23.6939626053738
"1307","XI_1348",37.9397606408756,23.6939604006229
"1308","XI_1350",37.9397647599117,23.693959754122
"1309","XI_1365",37.9397680824993,23.6939554317459
"1310","XI_1364",37.9397721721022,23.6939535255867
"1311","XI_1284/1329?",37.9397656593212,23.6939421521341
"1312","XI_1284-1306?",37.9397709319901,23.6939311608313
"1313","XI_1363",37.9397766857805,23.6939531755988
"1314","XI_1359",37.9397777466583,23.6939473388552
"1315","XI_1328",37.939782207506,23.6939471210968
"1316","XI_1243/1244",37.9398509619351,23.6939233252192
"1317","XI_1245",37.9398411628071,23.6939287477644
"1318","XI_1201",37.9398374462175,23.6939326734844
"1319","XI_1202",37.9398333963159,23.6939297736467
"1320","XI_1253",37.9398311515469,23.6939343896917
"1321","XI_1215",37.9398272910577,23.6939336103225
"1322","XI_1266",37.9398248024856,23.6939356418158
"1323","XI_1247",37.9398278344611,23.6939308244732
"1324","XI_1296",37.9398215818807,23.6939386379843
"1325","XI_1297",37.9398188201449,23.6939361640811
"1326","XI_1342",37.9398162724501,23.6939355783885
"1327","XI_1343",37.939812180159,23.6939364569345
"1328","XI_1325",37.9398100304024,23.6939374275232
"1329","XI_1379",37.9398058277183,23.6939364174265
"1330","XI_1380",37.9398048420812,23.6939406970557
"1331","XI_1381",37.9398009518135,23.6939385260197
"1332","XI_1360",37.9397978642701,23.6939420849489
"1333","XI_1358",37.9397947715767,23.6939440199538
"1334","XI_1289",37.9397895715486,23.6939428148645
"1335","XI_1324",37.9397875641309,23.693947894226
"1336","XI_1288",37.9397881304972,23.6939435503419
"1337","XI_1329",37.9396991166001,23.6940555105446
"1338","XI_1331",37.9397011021089,23.6940503231723
"1339","XI_1330",37.9396912991912,23.6940460282201
"1340","XI_1345",37.9397201788813,23.6940520200682
"1341","XI_1274",37.9397207430057,23.6940419929635
"1342","XI_1403",37.939717640009,23.6940472259653
"1343","XI_1397",37.9397109508979,23.6940363175572
"1344","XI_1388",37.9397191698096,23.6940301107065
"1345","XI_1387",37.9397207640517,23.6940248839952
"1346","XI_1368",37.9397271499007,23.6940204669141
"1347","XI_1386",37.9397318719508,23.6940194935686
"1348","XI_1228",37.9397386298331,23.6940191342267
"1349","XI_1369",37.9397398575687,23.6940119630402
"1350","XI_1293",37.9397462822544,23.6940099891086
"1351","XI_1370",37.9397650347305,23.6939917664258
"1352","XI_1371",37.9397541608529,23.6939991030234
"1353","XI_1351",37.9397594165897,23.694001276333
"1354","XI_1389",37.9397536500656,23.6940043661879
"1355","XI_1269",37.9397750910037,23.6939857590214
"1356","XI_1268",37.9397804514207,23.6939779902084
"1357","XI_1298",37.9397882540659,23.6939759695574
"1358","XI_1267",37.9397915951249,23.6939738844384
"1359","XI_1079",37.9398359364013,23.6940156501299
"1360","XI_1080",37.939839012059,23.6939958313023
"1361","XI_1189",37.9398455128198,23.6939788375344
"1362","XI_1188",37.9398466359806,23.693981649436
"1363","XI_1190",37.939842228451,23.6939774423702
"1364","XI_809 or 1081?",37.939842016132,23.6939965402755
"1365","XI_1078",37.9398379377396,23.6940654492583
"1366","XI_1232",37.9398474836417,23.6940989842995
"1367","XI_1233",37.9398330772719,23.6941024128808
"1368","XI_1410",37.9398363706153,23.6941027599018
"1369","XI_1087",37.9397946597713,23.6940018838637
"1370","XI_1085",37.9397953811178,23.694004414074
"1371","XI_960",37.9397825472905,23.694001555417
"1372","XI_1084",37.9397819121021,23.6940054318638
"1373","XI_1231",37.939781425376,23.6941157028475
"1374","XI_1191",37.9397674971098,23.6941523833149
"1375","XI_1229",37.9398342797479,23.6941476245898
"1376","XI_1411",37.9398281005163,23.6941752255685
"1377","XI_1216",37.9398044801252,23.6941882825791
"1378","XI_1176",37.9398125218258,23.6942049596607
"1379","XI_1183",37.9398125398588,23.6942118582262
"1380","XI_1175",37.9398187084557,23.6942181120808
"1381","XI_1128",37.9396796630568,23.6942696107281
"1382","XI_1126",37.9396908281702,23.6942661057889
"1383","XI_1133",37.9396863873544,23.694277092452
"1384","XI_1158",37.9397037893977,23.6942563286073
"1385","XI_1127",37.9397098959524,23.6942716060152
"1386","XI_1146",37.9397094032946,23.6942686367175
"1387","XI_1129",37.9397084314631,23.6942851009775
"1388","XI_1145",37.9397187182436,23.6942903828795
"1389","XI_988",37.9397456398842,23.6942579329401
"1390","XI_981",37.9397389723266,23.6942280218806
"1391","XI_979",37.9397352130705,23.6942121804761
"1392","XI_987",37.9397263440469,23.694180358773
"1393","XI_1413",37.9397612128878,23.6941105272101
"1394","XI_985",37.9397796208068,23.6942656129164
"1395","XI_1008",37.9397870540629,23.694265369136
"1396","XI_1261",37.9398454094316,23.694319872451
"1397","XI_1021",37.9398824469215,23.6943035139592
"1398","XI_1220",37.9398758442102,23.6942339234032
"1399","XI_1222",37.9398678278564,23.6942483208311
"1400","XI_1020",37.939861173276,23.6942516510788
"1401","XI_1146",37.939872252316,23.6942541813797
"1402","XI_1019",37.9398722954536,23.6942872405324
"1403","XI_1235",37.9398801452208,23.6942701410163
"1404","XI_1236",37.9398822387644,23.6942576619245
"1405","XI_1256",37.9398869055209,23.6942503603205
"1406","XI_1168",37.9398775687135,23.6942040490143
"1407","XI_1181",37.9398547665535,23.6941174193627
"1408","XI_1395",37.9398228868732,23.6942491487974
"1409","XI_1040",37.9399057480974,23.6942762524552
"1410","XI_1121",37.9399097125374,23.6942630087836
"1411","XI_1260",37.9399134513121,23.6942499799977
"1412","XI_1234",37.9399166228489,23.694235104299
"1413","XI_1238",37.9399259704069,23.6942613933404
"1414","XI_1148",37.9399290550031,23.6942691178568
"1415","XI_1239",37.9399350191771,23.6942757834015
"1416","XI_1193",37.9399534573774,23.6942831708259
"1417","XI_1418",37.9399525994074,23.6942721595425
"1418","XI_1422",37.9399645531318,23.6942669215199
"1419","XI_1417",37.9399617376796,23.694251823809
"1420","XI_1174",37.9399540501725,23.6942478966836
"1421","XI_1142",37.9399550749582,23.6942537634388
"1422","XI_1436",37.9399577853337,23.6942607281844
"1423","XI_1313",37.9399684396143,23.6942507489079
"1424","XI_1304",37.939966860734,23.6942397872854
"1425","XI_1164",37.9399634463899,23.6942296982044
"1426","XI_1248",37.939969981943,23.6942228986341
"1427","XI_1421",37.9399798651161,23.6942334182419
"1428","XI_1420",37.9399839955606,23.6942405841906
"1429","XI_1132",37.9399948069664,23.6942396856267
"1430","XI_1431",37.9399887388849,23.6942118886808
"1431","XI_1132",37.9399842859177,23.6942596037904
"1432","XI_1429",37.9399991558197,23.6942200685788
"1433","XI_1428",37.9400024960062,23.6942269578697
"1434","XI_1097",37.9399638189538,23.6941922411216
"1435","XI_1098",37.9399783498683,23.6941923228135
"1436","XI_1096",37.9399811342264,23.6941800081122
"1437","XI_1066",37.9399703848334,23.6941401597492
"1438","XI_1143",37.9399942467268,23.6941677653018
"1439","XI_1135",37.9400031337153,23.6941933564013
"1440","XI_1138",37.9399934956887,23.6941907654746
"1441","XI_1151",37.9400092533133,23.69425086107
"1442","XI_1124",37.940024204914,23.6942825858655
"1443","XI_1144",37.9399345397692,23.6941516870473
"1444","XI_1186",37.9399339334623,23.6941359314693
"1445","XI_1423",37.9399380948064,23.6942404192609
"1446","XI_1171",37.939948147562,23.6942082352455
"1447","XI_1192",37.9399396150238,23.6942189374277
"1448","XI_1435",37.9399343070814,23.6942133411633
"1449","XI_1099",37.9399331709957,23.6942097201794
"1450","XI_1100",37.9399269660709,23.6942061191819
"1451","XI_1163",37.9399305072957,23.6941819966976
"1452","XI_1162",37.9399243214904,23.6941853648309
"1453","XI_1173",37.9399256203426,23.694229875178
"1454","XI_1433?",37.9399298229257,23.6942215376318
"1455","XI_1434",37.9399231156609,23.6942033334338
"1456","XI_1172",37.9399245442761,23.6941981847872
"1457","XI_1101",37.9399193937003,23.6942145174304
"1458","XI_1194",37.9399132479345,23.6942197562911
"1459","XI_1432",37.9398970485902,23.6942282451115
"1460","XI_1154",37.9398973976953,23.694196295016
"1461","XI_1218",37.9398913998908,23.6942046935282
"1462","XI_1177",37.9399107969997,23.6941179368801
"1463","XI_1243",37.9397255715195,23.6941682478483
"1464","XI_1208",37.9397446385417,23.6941403610321
"1465","XI_1327",37.9397829484743,23.693879990004
"1466","XI_1327 or 1320",37.9397578106658,23.6938811190876
"1467","XI_1329",37.9397519729079,23.6939127847559
"1468","XI_1405",37.9396750534914,23.6940850364475
"1469","XI_1377",37.9396645248128,23.6941213294283
"1470","XI_1391",37.9396715993633,23.6941286731158
"1471","XI_1347",37.9396813394874,23.6941317040084
"1472","XI_1346",37.939689772124,23.6941310554688
"1473","XI_1402",37.939697154534,23.6941320477685
"1474","XI_1204",37.9397222670304,23.6941288203817
"1475","XI_1240",37.9397250994725,23.6941459288364
"1476","XI_124",37.9397387972239,23.694150352097
"1477","XI_1252",37.9397300396172,23.6941449477619
"1478","XI_1293",37.9397387467653,23.6940962397977
"1479","XI_1372",37.9397373677967,23.6940962455465
"1480","XI_1207",37.9397378796745,23.6941368966441
"1481","XI_1209",37.9397392195507,23.6941219398464
"1482","XI_1205",37.9397387400866,23.6941247072163
"1483","XI_1230",37.939801580321,23.6941236896217
"1484","XI_1217",37.9397872010152,23.6941491898563
"1485","XI_1323",37.9398038730435,23.6942832591914
"1486","XI_1279",37.9397960356841,23.6942947607472
"1487","XI_1312",37.9398111215892,23.6942951075804
"1488","XI_1301",37.9398037608514,23.6943024078795
"1489","XI_1140?",37.9400143762821,23.6942084485871
"1490","XI_1160",37.9400214858723,23.6941419735489
"1491","XI_1448",37.9399373101114,23.694080243381
"1492","XI_1203",37.9398777229319,23.6941158328655
"1493","XI_1408",37.9398839114729,23.6941872835173
"1494","XI_1187",37.9398555876574,23.6941798235238
"1495","XI_1407",37.9398609521767,23.6941843065656
"1496","XI_1182",37.9398632763285,23.6941738521798
"1497","XI_1200",37.9398526047833,23.6939921454878
"1498","XI_1196",37.9398157223776,23.6939712995285
"1499","XI_1185",37.9398155241259,23.6939802701817
"1500","XI_1086",37.9397896490689,23.6940044891884
"1501","XI_1094",37.9397857358557,23.6940366179734
"1502","XI_1088",37.9397804101554,23.694017344024
"1503","XI_1089",37.9397771452722,23.6940137501361
"1504","XI_1285",37.9397782587085,23.6940583317211
"1505","XI_1277",37.9397750420939,23.6940604424913
"1506","XI_1276",37.9397733844215,23.6940617490141
"1507","XI_1275",37.9397719290077,23.6940642302614
"1508","XI_1401",37.9397751997017,23.6940700466672
"1509","XI_1263",37.9397565135809,23.6940760809357
"1510","XI_1272",37.9397649544748,23.6940648044492
"1511","XI_1271",37.9397666453848,23.6940634556815
"1512","XI_1316",37.9397571536961,23.6940668501187
"1513","XI_1294",37.93975555285,23.6940643827527
"1514","XI_1344",37.939743408752,23.6940698856058
"1515","XI_1333",37.9397498547306,23.6940701944444
"1516","XI_1385",37.9397512480563,23.694069475101
"1517","XI_1332",37.9397530044299,23.6940679997414
"1518","XI_1384",37.9397494480025,23.6940673442796
"1519","XI_1398",37.9397441611833,23.6940763759703
"1520","XI_1400",37.9397388563981,23.6940723342433
"1521","XI_1399",37.9397381933339,23.6940769254754
"1522","XI_1286",37.939731616745,23.6940828500764
"1523","XI_1225",37.9397572869638,23.6941136765264
"1524","XI_1280",37.9397577041266,23.6941146580307
"1525","XI_1121",37.9401992639839,23.6940789350152
"1526","XI_906",37.9402009248824,23.6940788620853
"1527","XI_904",37.9402105356365,23.6940717128042
"1528","XI_896",37.9402065139547,23.6940751220097
"1529","XI_887",37.9402049018669,23.6940762826832
"1530","XI_888",37.9402236476225,23.6940744417334
"1531","XI_885",37.9402158684374,23.6940771621709
"1532","XI_880",37.9402156802617,23.6940793047094
"1533","XI_919",37.9402191295978,23.6940765761501
"1534","XI_879",37.9402137705913,23.6940824740913
"1535","XI_997",37.940211358539,23.6940861952312
"1536","IV_326",37.9401891232409,23.6939127615419
"1537","5_266",37.9404269940058,23.6934521136328
"1538","IV_334",37.9403499458388,23.6940584187065
"1539","IV_095",37.9403238336087,23.6940229735042
"1540","IV_794",37.9403459571822,23.693980382948
"1541","5_088",37.9405374344252,23.6936424023174
"1542","5_007",37.9407153259272,23.693881319145
"1543","5_026",37.9406901696181,23.6938622893029
"1544","5_032",37.9404065793773,23.6934568272604
"1545","5_193",37.9405009576879,23.6936133517671
"1546","5_175",37.9404544863101,23.6934696791145
"1547","5_171",37.9407501854583,23.6937446489947
"1548","5_196",37.940658182381,23.6935723499246
"1549","5_228",37.9404620863695,23.69345088704
"1550","5_013",37.9408145508715,23.6938308205034
"1551","5_042",37.940809246639,23.6934487697782
"1552","5_058",37.940330669267,23.6933030323222
"1553","5_164",37.9407278146676,23.6939048856764
"1554","IV_465",37.9402901743692,23.6938685136676
"1555","IV_642",37.9402342035781,23.6940413473322
"1556","IV_019",37.9404267099949,23.6939680809812
"1557","IV_073",37.9402145950916,23.6938863590544
"1558","IV_109",37.9402280774331,23.6939111014097
"1559","IV_110",37.9402272565391,23.6939153064052
"1560","IV_111",37.9402912746323,23.6940592926642
"1561","IV_233",37.9402930327197,23.6937040587938
"1562","IV_236",37.9403490838427,23.6939066852447
"1563","IV_325",37.9401891108194,23.693912836703
"1564","IV_752",37.9404678924817,23.6939796240375
