ACL Number,139La C/MTC,140Ce C/MTC,146Nd C/MTC,163Dy C/MTC,172Yb C/MTC,232Th C/MTC,238U C/MTC,44Ca/31P,44Ca/88Sr,146Nd/44Ca,88Sr/208Pb,238U/44Ca,85Rb/88Sr,140Ce/44Ca,163Dy/44Ca,172Yb/44Ca,232Th/44Ca,238U/88Sr,Specimen Number,Burial Number,Sample Type,Tooth Category,"Sample Category (bone, tooth, or calculus)",log.U.Ca
ACL-11555,0.649378604,1.396894973,1.171007966,NA,NA,9.47609196,21.95173596,2.13782733,638.1193086,2.30E-07,462.6911445,3.72E-06,NA,5.68E-07,NA,NA,1.60E-06,0.002372539,PHA-IV-620-2,IV_620,ULM1,M1,tooth,-12.50231991
ACL-11556,0.926533426,2.015807938,1.690366535,1.89668802,NA,6.304304491,1.829973465,2.072818252,2342.710781,2.89E-07,107.9342791,2.69E-07,NA,7.12E-07,5.02E-08,NA,9.28E-07,0.000630951,PHA-IV-578-2,IV_578,LLM2,M2,tooth,-15.12734651
ACL-11557,0.961906335,1.856702792,1.715965826,1.924926003,NA,5.045176334,1.352175177,2.075131295,1942.011792,3.04E-07,100.5459122,2.06E-07,NA,6.80E-07,5.29E-08,NA,7.70E-07,0.000400732,PHA-IX-829-2,IX_829,ULM3,M3,tooth,-15.39369619
ACL-11684,5.336088945,10.76641216,8.000207958,16.26960774,6.219215963,4.254299174,393.8993046,2.368821915,307.8927129,1.21E-06,21.2414788,5.12E-05,0.001049602,3.36E-06,3.81E-07,3.39E-07,5.53E-07,0.015759165,PHA-5-031-2,5_031,rib frag,NA,bone,-9.880084573
ACL-11685,1.471763536,2.634827413,2.218889433,3.023386921,0.609468203,5.190677891,31.18702243,2.133552048,1324.618269,4.34E-07,258.213228,5.25E-06,0.000871905,1.07E-06,9.17E-08,4.31E-08,8.75E-07,0.006960781,PHA-5-102-1,5_102,ULM3,M3,tooth,-12.15634314
ACL-11686,3.414439675,6.651822874,3.881816609,13.27446847,5.97358929,3.325085605,636.4697685,2.407193868,287.0353558,6.50E-07,184.7596866,9.19E-05,NA,2.31E-06,3.45E-07,3.62E-07,4.80E-07,0.026388004,PHA-5-102-3,5_102,2 L. 2nd rib frags,NA,bone,-9.294451155
ACL-11688,3.869224399,5.257978031,4.357147723,14.04071784,6.699459146,2.051660121,709.7700283,2.531141151,242.7922039,6.62E-07,137.6006179,9.30E-05,0.000103307,1.65E-06,3.31E-07,3.69E-07,2.69E-07,0.022579063,PHA-5-135-3,5_135,L. rib frag,NA,bone,-9.282938165
ACL-11689,1.865439553,2.164421847,1.85086757,7.52637295,4.65960507,NA,571.9705549,2.340290651,325.4480067,3.26E-07,5.379147967,8.68E-05,NA,7.89E-07,2.06E-07,2.97E-07,NA,0.028259011,PHA-5-166-2,5_166,rib frag,NA,bone,-9.351545626
ACL-11691,3.530048054,4.552569069,4.127126447,11.81939589,7.153009529,2.456639229,855.4746455,2.469585117,241.7875325,7.45E-07,87.69181593,0.000133078,NA,1.70E-06,3.31E-07,4.67E-07,3.82E-07,0.032176503,PHA-5-167-2,5_167,R. rib frag,NA,bone,-8.924578176
ACL-11693,6.565238557,13.72526686,9.482665035,20.03875061,7.514404274,1.452804294,496.3550027,2.450650329,235.9808978,1.64E-06,22.57482652,7.39E-05,0.000198885,4.91E-06,5.37E-07,4.70E-07,2.16E-07,0.017442059,PHA-5-181-2,5_181,unidentified long bone frag,NA,bone,-9.512621671
ACL-11694,0.730587092,1.22094968,0.927914236,2.538968905,1.41822348,NA,751.5962744,2.372960466,272.2903782,1.50E-07,0.404046939,0.000104633,NA,4.08E-07,6.36E-08,8.29E-08,NA,0.028490551,PHA-5-193-2,5_193,rib frag,NA,bone,-9.165051852
ACL-11695,0.827782211,1.49216637,1.441787932,1.608590601,NA,4.579012539,31.4365638,2.148180241,640.9065636,2.62E-07,551.5780082,4.92E-06,NA,5.61E-07,4.53E-08,NA,7.17E-07,0.003154292,PHA-5-198-1,5_198,URC,C,tooth,-12.22187489
ACL-11696,11.10798489,14.95217681,12.60521689,40.57276895,19.30870505,1.422693679,598.2723447,2.45781228,206.0894163,2.20E-06,33.94587775,9.01E-05,0.000203776,5.41E-06,1.10E-06,1.22E-06,2.14E-07,0.018571853,PHA-5-198-2,5_198,2 L. rib frags,NA,bone,-9.314418244
ACL-11698,14.5421135,23.15233619,18.17200405,49.67349751,20.97540715,NA,724.3158388,2.464434259,209.0133706,2.66E-06,52.72631537,9.15E-05,9.07E-05,7.02E-06,1.13E-06,1.11E-06,NA,0.019123441,PHA-5-218-3,5_218,rib frag,NA,bone,-9.299238625
ACL-11699,1.554315724,4.300418457,2.353387811,2.642858505,0.828214478,3.338653525,3.773740724,2.098740277,1466.697924,4.23E-07,53.75483597,5.85E-07,NA,1.60E-06,7.37E-08,5.39E-08,5.17E-07,0.00085774,PHA-IV-027-1,IV_027,URC,C,tooth,-14.35197801
ACL-11700,0.760693259,1.310366174,0.973174424,1.806524794,1.342715998,NA,841.8216142,2.555551874,136.5647423,1.47E-07,101.9828681,0.000109624,4.52E-05,4.10E-07,4.23E-08,7.34E-08,NA,0.014970727,PHA-IV-027-2,IV_027,unidentified long bone frag,NA,bone,-9.118457321
ACL-11702,9.936706685,17.38140844,12.90863435,21.72788636,7.040121536,NA,725.4241547,2.479723455,197.9812183,2.73E-06,151.5752202,0.000132277,0.000250165,7.61E-06,7.13E-07,5.39E-07,NA,0.026188318,PHA-IV-062-2,IV_062,R 9th rib frag,NA,bone,-8.930614011
ACL-11703,1.747701395,3.746609067,2.625724633,3.241717953,0.766810769,8.239798764,18.97025896,2.09567208,1426.795517,4.84E-07,329.1057781,3.01E-06,NA,1.43E-06,9.27E-08,5.12E-08,1.31E-06,0.00430156,PHA-IV-096-1,IV_096,ULP2,P2,tooth,-12.71196384
ACL-11704,2.632407173,5.566382833,3.656367442,7.89100888,3.857897297,NA,853.8439233,2.388201582,207.0627145,6.57E-07,50.55659501,0.00013227,0.000196882,2.07E-06,2.20E-07,2.51E-07,NA,0.027388126,PHA-IV-096-2,IV_096,L. rib frag,NA,bone,-8.930667449
ACL-11705,2.612918385,4.158393281,3.40308867,7.6326149,3.026924056,NA,654.2562132,2.449926701,239.5502748,5.02E-07,82.97409182,8.32E-05,7.88E-05,1.27E-06,1.75E-07,1.62E-07,NA,0.019924869,PHA-IV-115-2,IV_115,unidentified long bone frag,NA,bone,-9.394549958
ACL-11708,15.42706463,30.60925096,20.72411016,43.94108578,16.4826575,NA,977.7720062,2.341105869,275.7351166,3.13E-06,74.39057443,0.000127135,0.000513935,9.55E-06,1.03E-06,9.00E-07,NA,0.035055488,PHA-IV-170-2,IV_170,3 rib frags,NA,bone,-8.970263776
ACL-11710,2.746571689,5.249864877,4.602210943,4.869966331,1.084145232,5.009523827,14.02981532,2.088303535,3084.414071,1.14E-06,89.77117891,3.01E-06,NA,2.70E-06,1.88E-07,9.75E-08,1.07E-06,0.009269322,PHA-IV-180-2,IV_180,LRM1,M1,tooth,-12.71516203
ACL-11712,0.960660075,1.843755713,1.818247549,2.34673469,0.302881368,2.393784393,2.481014676,2.076899026,2321.150525,4.48E-07,180.4857662,5.27E-07,NA,9.41E-07,8.98E-08,2.70E-08,5.09E-07,0.001224097,PHA-IV-187-1,IV_187,LLM1,M1,tooth,-14.45537033
ACL-11713,17.45675498,25.26883301,20.44287134,52.06769022,16.14827753,NA,361.7727304,2.325729358,329.888072,3.15E-06,60.83566874,4.80E-05,0.000167275,8.05E-06,1.24E-06,9.00E-07,NA,0.015833202,PHA-IV-187-2,IV_187,R. rib frags 2X,NA,bone,-9.944399556
ACL-11716,4.236716824,5.918025484,4.095556827,11.95322594,7.521363534,NA,928.3958725,2.442814776,171.6025844,6.19E-07,77.40570138,0.000121026,6.99E-05,1.85E-06,2.80E-07,4.12E-07,NA,0.020768298,PHA-IV-202-3,IV_202,r rib frag,NA,bone,-9.019508815
ACL-11717,6.897454856,13.00114489,10.94426753,14.46766359,3.45238784,3.697780024,7.677544748,2.110726074,1634.246779,2.14E-06,26.46886392,1.30E-06,0.001028204,5.26E-06,4.39E-07,2.45E-07,6.24E-07,0.00211678,PHA-IV-204-2,IV_204,URM2,M2,tooth,-13.5567965
ACL-11720,1.459866663,1.993851971,2.047183444,4.92070575,2.47943686,NA,1217.683345,2.429114989,235.7266083,4.34E-07,186.0392633,0.000222419,NA,8.74E-07,1.62E-07,1.90E-07,NA,0.052430088,PHA-IV-220-3,IV_220,R rib frag (9?),NA,bone,-8.410947355
ACL-11723,3.625865307,7.94506039,5.742584171,9.147407232,2.370630141,2.593720065,7.491980173,2.098367066,3021.263763,9.23E-07,50.44616828,1.04E-06,0.00119133,2.64E-06,2.28E-07,1.38E-07,3.59E-07,0.0031363,PHA-IV-234-1,IV_234,URM2,M2,tooth,-13.77814202
ACL-11724,4.811396937,9.541271451,5.661790037,15.8148788,7.704967148,NA,804.9184939,2.459761221,253.9736642,8.24E-07,125.1423937,0.000100966,0.000120814,2.87E-06,3.57E-07,4.06E-07,NA,0.025642799,PHA-IV-234-2,IV_234,R. rib frag,NA,bone,-9.20072305
ACL-11725,3.995079422,7.079051977,6.998744758,12.90896009,2.135227823,1.999583921,11.33476109,2.087021422,1318.202462,1.13E-06,147.2843906,1.58E-06,NA,2.37E-06,3.25E-07,1.25E-07,2.79E-07,0.002088007,PHA-IV-258-1,IV_258,LRM2,M2,tooth,-13.35556945
ACL-11727,8.996682103,17.67421029,14.23715955,17.79370222,4.016579603,2.658983192,30.87640209,2.096961893,1681.46467,2.35E-06,4.117001794,4.39E-06,NA,6.03E-06,4.55E-07,2.40E-07,3.78E-07,0.007374554,PHA-IV-264-2,IV_264,ULM2,M2,tooth,-12.33714034
ACL-11744,6.148788859,14.00431635,9.722255532,15.82688998,4.188164907,1.999523693,46.04552075,2.126925532,1129.006425,2.14E-06,60.44203996,8.73E-06,0.000796665,6.37E-06,5.40E-07,3.34E-07,3.79E-07,0.009858989,PHA-IV-401-2,IV_401,URM1,M1,tooth,-11.64846495
ACL-11745,4.126658498,7.746934022,6.110386035,9.282808473,1.677264547,NA,40.76373861,2.131659311,1528.53258,1.07E-06,33.3709402,6.16E-06,0.000662966,2.81E-06,2.52E-07,1.06E-07,NA,0.009409934,PHA-IV-428-2,IV_428,LRC,C,tooth,-11.99805281
ACL-11746,3.040470945,7.563081851,6.272889688,7.236303315,1.160647404,NA,6.477548602,2.07721023,2335.232521,1.01E-06,55.52578069,9.01E-07,0.001002801,2.53E-06,1.81E-07,6.78E-08,NA,0.002105081,PHA-IV-431-2,IV_431,URM2,M2,tooth,-13.91926817
ACL-11747,8.394765932,17.98735928,14.71216186,16.48384083,3.131303548,1.973885269,24.45180249,2.118826798,913.4766521,2.61E-06,304.9692769,3.73E-06,NA,6.59E-06,4.53E-07,2.01E-07,3.01E-07,0.003410105,PHA-IV-482-2,IV_482,ULM2,M2,tooth,-12.49827012
ACL-11751,7.359342977,15.69153463,11.61524404,16.60011838,3.638903623,2.322264694,38.69828025,2.185748348,1525.673313,2.49E-06,113.5066573,7.16E-06,0.000893039,6.96E-06,5.53E-07,2.83E-07,4.29E-07,0.010918737,PHA-IV-486-1,IV_486,URI2,I2,tooth,-11.84746607
ACL-11756,13.26717775,25.30264663,19.82814131,30.0691705,7.509998253,2.457077617,24.75655162,2.086005041,1480.54676,2.85E-06,38.00914233,3.06E-06,0.00110424,7.51E-06,6.70E-07,3.90E-07,3.04E-07,0.004534669,PHA-IV-511-2,IV_511,ULC,C,tooth,-12.69616992
ACL-11758,2.021044639,3.972779329,3.436636854,4.084874013,0.682685248,NA,5.217990627,2.096713673,1487.199531,5.63E-07,118.2844088,7.37E-07,0.00045618,1.35E-06,1.04E-07,4.05E-08,NA,0.001095344,PHA-IV-524-2,IV_524,ULM1,M1,tooth,-14.12133718
ACL-11761,4.189617739,8.049978904,6.466749804,8.813513924,1.857006767,NA,13.28538496,2.135327057,1021.595182,2.12E-06,123.0275496,3.75E-06,NA,5.45E-06,4.47E-07,2.20E-07,NA,0.003827908,PHA-IV-553-1,IV_553,URM2,M2,tooth,-12.49455752
ACL-11765,37.69962094,75.48620659,55.09000247,89.77365703,22.07114778,2.672850426,46.66101168,2.136902254,1531.593334,9.38E-06,32.8541995,6.85E-06,0.001300163,2.66E-05,2.37E-06,1.36E-06,3.92E-07,0.010492882,PHA-IV-556-1,IV_556,LRC,C,tooth,-11.89112206
ACL-11767,4.666565812,9.086372262,7.398193952,9.930668842,2.058371946,NA,23.92621451,2.158950038,998.5639904,1.16E-06,480.9954504,3.22E-06,0.000395528,2.94E-06,2.41E-07,1.17E-07,NA,0.003220127,PHA-IV-559-1,IV_559,ULM1,M1,tooth,-12.64465277
ACL-11770,0.936666898,1.707932301,1.659913817,1.554116114,NA,NA,1.881107794,2.094670655,1372.882417,3.33E-07,97.16972678,3.25E-07,0.000811845,7.09E-07,4.84E-08,NA,NA,0.000446417,PHA-IV-564-1,IV_564,LRM2,M2,tooth,-14.93892456
ACL-11773,6.024215525,14.12712539,10.26344019,16.28836865,2.875727475,NA,1.916894425,2.106022823,2922.542871,1.56E-06,38.32098793,2.51E-07,NA,4.45E-06,3.85E-07,1.58E-07,NA,0.000734924,PHA-IV-581-2,IV_581,ULM1,M1,tooth,-15.19595268
ACL-11777,8.562668298,16.17649608,13.76194108,18.48945989,4.669609496,NA,25.61027202,2.142154794,1243.027783,2.12E-06,23.46945367,3.41E-06,NA,5.16E-06,4.42E-07,2.61E-07,NA,0.004232586,PHA-IV-628-1,IV_628,LRP1,P1,tooth,-12.59024763
ACL-11780,4.878489097,9.402398738,8.1979102,10.56571186,2.77814212,NA,14.72443088,2.102133602,2166.199385,1.52E-06,33.024908,2.36E-06,0.000783418,3.61E-06,3.04E-07,1.87E-07,NA,0.005106168,PHA-IV-637-2,IV_637,URM2,M2,tooth,-12.95803547
ACL-11782,2.004203495,4.506397008,3.700815651,4.334927282,0.653222582,NA,3.463443442,2.099668516,1826.264029,6.18E-07,303.8977052,4.98E-07,NA,1.56E-06,1.12E-07,3.95E-08,NA,0.000909918,PHA-IV-694-2,IV_694,LRM2,M2,tooth,-14.51218409
ACL-11784,2.540071161,5.687620278,4.43078176,6.575776209,1.080485053,NA,3.64652229,2.110635029,1076.459829,6.77E-07,419.4117649,4.81E-07,0.000449264,1.80E-06,1.56E-07,5.98E-08,NA,0.000517281,PHA-IV-719-2,IV_719,ULM2,M2,tooth,-14.54835734
ACL-11788,4.987435501,9.961951868,8.455437019,12.12632887,2.380255784,NA,1.251026265,2.118160316,1233.343175,1.22E-06,144.9686795,1.56E-07,0.000635531,2.98E-06,2.72E-07,1.25E-07,NA,0.000192364,PHA-IV-754-2,IV_754,LRP2,P2,tooth,-15.67360352
ACL-11793,2.060709238,5.066969237,3.766717844,5.152607712,1.260742536,6.148783525,5.887222651,2.114521188,2837.745033,6.39E-07,104.3029773,8.62E-07,0.001132551,1.78E-06,1.36E-07,7.75E-08,9.00E-07,0.002444982,PHA-IV-782-2,IV_782,LRM3,M3,tooth,-13.96448269
ACL-11797,0.919303328,1.944484387,1.980049227,2.849534771,NA,2.946068269,12.13819248,2.138299002,2251.36938,4.18E-07,227.1042381,2.21E-06,0.001315901,8.49E-07,9.34E-08,NA,5.36E-07,0.004974023,PHA-IX-827-1,IX_827,URM2,M2,tooth,-13.02282018
ACL-11726,7.388559088,9.133446339,8.333045316,28.05343501,14.81827548,NA,689.0823942,2.444033381,255.1628565,1.23E-06,43.31119414,8.80E-05,NA,2.80E-06,6.45E-07,7.95E-07,NA,0.022457029,PHA-IV-258-2,IV_258,R. 8th rib frag,NA,bone,-9.338053626
ACL-11730,19.99009894,32.76892589,22.80130154,69.02732994,31.14769884,NA,1064.474418,2.505328848,209.0664569,3.79E-06,5.580074309,0.000152642,0.000293224,1.13E-05,1.78E-06,1.88E-06,NA,0.031912403,PHA-IV-281-3,IV_281,1 rib frag,NA,bone,-8.787412714
ACL-11733,15.67346564,17.28898301,17.10736903,57.57088266,25.82050612,NA,516.7430612,2.439486434,300.7527124,2.63E-06,25.50075871,6.84E-05,NA,5.50E-06,1.37E-06,1.44E-06,NA,0.020583857,PHA-IV-356-3,IV_356,2 rib frags,NA,bone,-9.589536522
ACL-11734,6.213892558,11.69037233,7.006180644,15.97644196,7.41698331,NA,505.0070588,2.365731702,215.2825068,1.09E-06,103.251754,6.77E-05,9.47E-05,3.76E-06,3.86E-07,4.18E-07,NA,0.014576602,PHA-IV-359-2,IV_359,L. rib frag,NA,bone,-9.600288758
ACL-11737,6.194997978,11.51523512,8.610033625,20.91432361,8.687551055,9.240086428,685.820217,2.465710271,200.9061848,1.29E-06,121.2489499,8.82E-05,7.42E-05,3.56E-06,4.84E-07,4.69E-07,1.19E-06,0.017727647,PHA-IV-373-2,IV_373,2 L. rib frags,NA,bone,-9.335467949
ACL-11740,11.69062507,20.799172,12.79816419,29.00325543,13.56539665,3.628210076,973.1195986,2.5071217,138.9330155,2.10E-06,45.99611317,0.000137669,6.82E-05,7.06E-06,7.39E-07,8.06E-07,5.13E-07,0.019126805,PHA-IV-380-3,IV_380,2 rib frags,NA,bone,-8.890656451
ACL-11742,6.373619801,10.25445671,8.274351137,18.21023063,6.597266359,1.555049896,1039.681789,2.416068593,206.3229493,1.12E-06,4.489042512,0.000120892,9.49E-05,2.86E-06,3.81E-07,3.22E-07,1.81E-07,0.024942807,PHA-IV-396-2,IV_396,rib frag,NA,bone,-9.020612456
ACL-11750,11.48054081,22.65238544,14.71761833,32.94161074,12.89637587,NA,717.1564557,2.306980287,331.3985232,2.18E-06,68.52315921,9.16E-05,0.000279788,6.95E-06,7.58E-07,6.92E-07,NA,0.030362624,PHA-IV-485-2,IV_485,3 L. rib frags,NA,bone,-9.297864564
ACL-11752,4.394636686,6.905021902,4.970096817,13.95568118,5.598345829,NA,834.2770159,2.433640386,255.6314967,7.62E-07,133.106626,0.000110252,7.67E-05,2.19E-06,3.32E-07,3.11E-07,NA,0.028183929,PHA-IV-486-2,IV_486,rib frag,NA,bone,-9.112740315
ACL-11753,2.580741948,3.763710563,2.795610352,6.040856744,3.204935383,NA,712.5875256,2.342020402,348.5812127,4.26E-07,95.5593938,9.36E-05,0.000102987,1.19E-06,1.43E-07,1.77E-07,NA,0.032622676,PHA-IV-487-2,IV_487,L. 3rd rib frags 2x,NA,bone,-9.2766189
ACL-11754,12.69619442,25.1488848,19.69231163,36.65007851,12.10309951,NA,561.2305046,2.443769812,293.346453,3.22E-06,126.7430153,7.90E-05,0.0005799,8.50E-06,9.29E-07,7.16E-07,NA,0.023185723,PHA-IV-488-3,IV_488,8th L. rib tubercle,NA,bone,-9.445572909
ACL-11755,9.783022619,16.96146383,13.69797784,22.91096662,8.371893311,NA,579.2649822,2.451741208,311.1774698,1.91E-06,139.325769,6.96E-05,0.000547834,4.89E-06,4.96E-07,4.23E-07,NA,0.021667742,PHA-IV-489-2,IV_489,L. 8th rib frag,NA,bone,-9.57229405
ACL-11760,7.266879444,14.97311112,8.27309887,23.90730824,11.98342643,NA,820.409223,2.419941416,189.9222644,1.18E-06,56.47367097,0.000100955,0.000105123,4.42E-06,5.30E-07,6.19E-07,NA,0.019173673,PHA-IV-531-2,IV_531,L. rib frag 2x,NA,bone,-9.200831993
ACL-11762,8.451954182,15.34062897,11.78539288,19.73941774,7.75431488,NA,741.0825732,2.515484354,276.8968177,1.74E-06,132.0386897,9.45E-05,0.001052208,4.70E-06,4.53E-07,4.15E-07,NA,0.026172069,PHA-IV-553-2,IV_553,R. rib frag,NA,bone,-9.266707457
ACL-11764,9.821123417,10.49790673,10.78818562,28.50558411,13.55634582,NA,940.6743715,2.499882198,263.8009883,1.67E-06,40.32449786,0.000125163,0.000107183,3.35E-06,6.83E-07,7.58E-07,NA,0.033018094,PHA-IV-555-3,IV_555,rib frags,NA,bone,-8.985894558
ACL-11766,6.436862457,12.68683998,8.076181951,17.78374275,8.30905033,NA,703.8785046,2.394001081,267.8999321,1.27E-06,91.0037405,9.51E-05,0.000245104,4.11E-06,4.33E-07,4.72E-07,NA,0.025480642,PHA-IV-556-2,IV_556,2 rib frags,NA,bone,-9.260449777
ACL-11768,3.710528978,5.627615893,4.534197361,11.9131561,4.732451015,NA,799.2844514,2.424848894,273.4415747,7.11E-07,108.0660139,0.000108063,NA,1.83E-06,2.90E-07,2.69E-07,NA,0.029548976,PHA-IV-559-2,IV_559,rib frag,NA,bone,-9.132794183
ACL-11769,11.5033322,21.92828095,16.11252612,31.71288379,10.80289892,NA,952.440632,2.400555573,293.2398721,2.45E-06,153.2577832,0.000124627,0.000258106,6.89E-06,7.47E-07,5.94E-07,NA,0.036545619,PHA-IV-560-3,IV_560,1 R 3rd rib frag,NA,bone,-8.990184925
ACL-11771,3.903653618,7.182420358,5.420578562,11.56459874,4.457896657,NA,631.1977783,2.481286348,254.2280524,9.15E-07,147.1217694,9.18E-05,NA,2.51E-06,3.03E-07,2.72E-07,NA,0.023341846,PHA-IV-564-2,IV_564,3 R 4th rib frags,NA,bone,-9.295739268
ACL-11772,4.542910535,7.72806966,6.111285025,13.07414628,5.270065356,NA,673.3473645,2.513605447,309.81201,9.28E-07,136.143502,8.82E-05,0.000150737,2.43E-06,3.08E-07,2.90E-07,NA,0.027312784,PHA-IV-565-2,IV_565,L. 4th rib head,NA,bone,-9.336366087
ACL-11778,6.267387779,12.2449022,8.125790157,20.69338476,8.701606212,NA,1118.547427,2.529694103,139.2373219,1.17E-06,71.03343089,0.000138593,4.42E-05,3.64E-06,4.62E-07,4.53E-07,NA,0.019297275,PHA-IV-628-2,IV_628,rib frag,NA,bone,-8.883971204
ACL-11779,6.820571778,10.77664904,8.306221194,17.81320408,6.805369703,NA,1097.225292,2.438553505,262.2324806,1.24E-06,119.0511729,0.000141041,NA,3.32E-06,4.12E-07,3.67E-07,NA,0.036985439,PHA-IV-063-3,IV_063,2 R rib frags,NA,bone,-8.866462419
ACL-11783,1.52088962,2.634230806,1.953805512,1.879127471,1.155786029,NA,431.8829987,2.600360562,132.1417295,2.93E-07,112.3260319,5.58E-05,6.99E-05,8.17E-07,4.37E-08,6.28E-08,NA,0.007377584,PHA-IV-703-2,IV_703,R. rib frag,NA,bone,-9.793184058
ACL-11787,12.26988767,18.96158484,9.816194217,29.84907584,15.4346163,NA,501.2804446,2.360298868,219.9012352,1.53E-06,30.80927664,6.73E-05,7.62E-05,6.11E-06,7.22E-07,8.71E-07,NA,0.014803561,PHA-IV-743-3,IV_743,rib frag,NA,bone,-9.606066064
ACL-11790,20.80471209,36.91817805,25.67951531,63.20015085,25.02663971,NA,543.7192535,2.540303983,177.5900861,4.26E-06,41.04140176,7.78E-05,0.000113768,1.27E-05,1.63E-06,1.50E-06,NA,0.013809826,PHA-IV-758-2,IV_758,r rib frag,NA,bone,-9.461852943
ACL-11791,17.801689,21.22994523,16.69248103,43.96488872,21.25096634,NA,579.0311379,2.538609283,167.6135133,2.51E-06,174.0773819,7.51E-05,0.000202151,6.61E-06,1.03E-06,1.16E-06,NA,0.012595202,PHA-IV-761-2,IV_761,R. rib frag,NA,bone,-9.496100131
ACL-11796,1.463382012,2.705855089,2.265678769,4.700086825,2.273218214,NA,961.070991,2.447598648,304.360857,3.54E-07,101.3854293,0.00012944,NA,8.75E-07,1.14E-07,1.29E-07,NA,0.039396497,PHA-IX-826-3,IX_826,2 R. rib frags,NA,bone,-8.952292398
ACL-11798,3.704904124,6.842620683,4.692785571,9.725864489,3.979324593,NA,578.4293027,2.365375706,335.242515,7.49E-07,68.86299235,7.96E-05,0.000199673,2.26E-06,2.41E-07,2.30E-07,NA,0.026686095,PHA-IX-827-2,IX_827,rib frag,NA,bone,-9.438466848
ACL-11268,1.280856578,1.958175414,1.533838671,4.358078086,2.90368204,12.05194348,837.6326685,2.341525351,263.050616,2.24E-07,212.7028137,0.00010552,NA,5.92E-07,9.88E-08,1.54E-07,1.52E-06,0.027757105,PBP-068,XI_1296,r ulna,NA,bone,-9.156609919
ACL-11272,7.20153984,9.312878993,7.881659644,20.60955916,8.772211259,10.41503511,1008.049072,2.337469605,290.3437585,8.11E-07,78.12112216,8.94E-05,0.000112411,1.98E-06,3.29E-07,3.27E-07,9.23E-07,0.025950035,PBP-086,XI_1325,r rib,NA,bone,-9.322647909
ACL-11275,3.619149056,5.99883854,5.184136693,9.064023188,5.686725322,11.36925605,1690.9976,2.351021437,230.2315697,5.99E-07,38.22599429,0.000168483,6.34E-05,1.43E-06,1.63E-07,2.38E-07,1.13E-06,0.038789992,PBP-104,XI_1339,fibula,NA,bone,-8.688678629
ACL-11276,2.023307976,1.852406388,1.258408828,4.888844792,3.589123704,6.147858389,1250.573345,2.376149115,187.7912849,1.81E-07,69.49628178,0.000155168,NA,5.52E-07,1.09E-07,1.87E-07,7.63E-07,0.029139278,PBP-107,XI_1340,fibula,NA,bone,-8.770999406
ACL-11280,1.305419092,1.351178325,1.3253688,3.850781722,3.528192786,8.729118038,1410.440571,2.364280282,254.2045557,1.41E-07,25.926088,0.000129011,9.89E-05,2.97E-07,6.34E-08,1.36E-07,7.98E-07,0.032795216,PBP-132,XI_1349,l scapula,NA,bone,-8.955611899
ACL-11290,0.367544939,0.513027014,0.399059378,1.185768063,0.921403512,4.580720476,911.4869987,2.364891293,244.3289916,5.12E-08,201.7751699,0.000100755,NA,1.36E-07,2.36E-08,4.28E-08,5.06E-07,0.024617489,PBP-185,XI_1363,fibula,NA,bone,-9.202813799
ACL-11294,4.172862014,2.668437249,2.404208895,10.33618233,7.568908162,11.51832985,1057.780363,2.361515371,223.209393,3.30E-07,21.11531559,0.000125,0.000102052,7.57E-07,2.20E-07,3.76E-07,1.36E-06,0.027901246,PBP-207,XI_1373,scapula,NA,bone,-8.987194228
ACL-11297,1.216101474,0.801134273,0.714755325,3.704307963,3.223628575,5.620933388,1229.812247,2.343106936,240.9420299,7.94E-08,147.3146759,0.000117754,NA,1.84E-07,6.38E-08,1.30E-07,5.38E-07,0.028371953,PBP-221,XI_1376,fibula,NA,bone,-9.046910559
ACL-11298,2.205208785,2.905664308,2.347049188,6.633698592,2.434633769,3.161017593,817.0751744,2.323712802,278.1883137,2.98E-07,168.0458143,8.95E-05,7.80E-05,7.64E-07,1.31E-07,1.12E-07,3.46E-07,0.024888866,PBP-234,XI_1379,clavical,NA,bone,-9.321632993
ACL-11300,0.752215985,2.976239178,0.992020017,2.466643699,1.563061337,2.453433161,784.1094465,2.366973824,271.6056536,1.22E-07,158.8836862,8.30E-05,0.000107306,7.56E-07,4.70E-08,6.95E-08,2.60E-07,0.022552844,PBP-249,XI_1381,r clavical,NA,bone,-9.396245303
ACL-11304,18.74115505,18.90678963,18.34725797,50.59899939,25.47890736,3.446231381,1165.699185,2.336600274,243.71405,2.40E-06,33.02137202,0.000131705,7.86E-05,5.13E-06,1.03E-06,1.21E-06,3.89E-07,0.032098391,PBP-273,XI_1393,Right Ischium,NA,bone,-8.93494498
ACL-11307,2.962632468,4.737160611,4.71826201,6.726540305,1.864546417,1.698577002,903.3620008,2.317557645,297.3997187,5.77E-07,62.28513963,9.52E-05,0.000227001,1.20E-06,1.28E-07,8.25E-08,1.79E-07,0.028313445,PBP-299,XI_1268,fibula,NA,bone,-9.259495602
ACL-11313,0.421011695,0.537342737,0.562514879,1.528639903,0.991057677,NA,948.711393,2.403629754,230.0117343,7.92E-08,96.63677149,0.000115204,NA,1.57E-07,3.34E-08,5.05E-08,NA,0.026498364,PBP-325,XI_1368,fibula,NA,bone,-9.068802605
ACL-11315,8.760016763,10.29934439,8.744711279,22.40223332,10.91270979,NA,1241.471284,2.37629109,272.632644,1.05E-06,47.99723547,0.000128962,NA,2.57E-06,4.19E-07,4.76E-07,NA,0.035159123,PBP-339,XI_1370,l rib,NA,bone,-8.955996411
ACL-11323,1.272352253,1.892193956,1.959643006,4.745235098,2.641909722,NA,744.8115185,2.376144117,231.0958719,2.97E-07,6.581592055,9.74E-05,7.61E-05,5.94E-07,1.12E-07,1.45E-07,NA,0.022506782,PBP-371,XI_1275,fibula,NA,bone,-9.236771236
ACL-11324,0.190371822,0.362212595,0.306777921,0.649346439,0.301560896,NA,126.2935483,2.423963245,243.12648,3.40E-07,300.0183177,0.000120641,NA,8.30E-07,1.12E-07,1.21E-07,NA,0.029331043,PBP-375,XI_1276,r femur,NA,bone,-9.022690631
ACL-11329,2.997681385,4.321516028,2.973395432,8.547415761,4.508217043,NA,905.4778788,2.425080499,228.9706975,4.14E-07,11.36648063,0.000108652,7.27E-05,1.24E-06,1.85E-07,2.27E-07,NA,0.024878187,PBP-393,XI_1333,fibula,NA,bone,-9.127357902
ACL-10562,NA,5.777286724,5.978726966,6.858773557,1.24297254,NA,19.72959953,1.956985903,1116.002747,1.47E-06,68.13481782,4.19E-06,0.004040846,2.94E-06,2.62E-07,1.11E-07,NA,0.004673005,PBP-001,XI_1281,LLI1 in alveolar bone,I1,tooth,-12.38346155
ACL-10563,NA,7.71596409,7.52940351,8.239274511,1.42630707,NA,21.90860553,1.966859433,1368.628697,1.61E-06,92.64860864,4.04E-06,0.003841661,3.42E-06,2.74E-07,1.11E-07,NA,0.005534789,PBP-002,XI_1296,ULM2,M2,tooth,-12.4182664
ACL-10564,NA,13.18960432,13.45393842,16.68201094,3.618876307,NA,61.34743503,1.965887763,995.6814092,2.66E-06,100.7699825,1.05E-05,0.003253372,5.39E-06,5.12E-07,2.59E-07,NA,0.010409277,PBP-003,XI_1296,LLI1,I1,tooth,-11.46848519
ACL-10565,NA,10.70347552,11.2337041,13.88288554,2.399958142,NA,5.101747935,1.95725764,1500.795333,1.89E-06,43.04997699,7.40E-07,0.003791351,3.73E-06,3.63E-07,1.46E-07,NA,0.001111147,PBP-004,XI_1348,LRM1,M1,tooth,-14.1161129
ACL-10566,NA,32.09576947,30.45507306,40.16028313,7.899258934,NA,31.8645999,1.982350284,1281.807243,6.37E-06,44.27097645,5.75E-06,0.004791331,1.39E-05,1.30E-06,5.98E-07,NA,0.00736696,PBP-005,XI_1350,ULC,C,tooth,-12.06677644
ACL-10567,NA,10.75561222,10.96808425,14.24421576,2.769712299,NA,110.4140469,1.982317512,655.8931565,2.10E-06,69.34995474,1.82E-05,0.001448699,4.26E-06,4.23E-07,1.92E-07,NA,0.011947662,PBP-006,XI_1356,LRC,C,tooth,-10.91321753
ACL-10568,NA,5.465944717,5.323870317,6.24403648,1.73056311,NA,100.9653896,1.965283345,787.6500886,1.01E-06,141.4500419,1.65E-05,0.001755331,2.14E-06,1.83E-07,1.19E-07,NA,0.0129751,PBP-007,XI_1359,ULI1,I1,tooth,-11.01377711
ACL-10569,NA,2.964185292,3.027786827,3.085560625,0.661575923,NA,120.5905578,2.00992403,608.4285528,6.90E-07,152.1506561,2.37E-05,0.001527503,1.40E-06,1.09E-07,5.46E-08,NA,0.014411358,PBP-008,XI_1363,URM1,M1,tooth,-10.65061813
ACL-10570,NA,43.64059835,42.02840355,57.63475846,10.39228194,NA,41.9591514,2.011854411,1009.188306,8.15E-06,20.39105101,7.01E-06,0.00339403,1.75E-05,1.73E-06,7.29E-07,NA,0.007076242,PBP-009,XI_1364,URI1,I1,tooth,-11.86791391
ACL-10571,NA,10.49429915,10.39355262,13.54380378,1.745816037,NA,4.08315179,1.979426733,1629.587231,1.98E-06,29.11428959,6.72E-07,0.004311821,4.15E-06,4.01E-07,1.21E-07,NA,0.001095258,PBP-010,XI_1365,LLM1,M1,tooth,-14.2128473
ACL-10572,NA,10.12772165,10.92032639,13.40848932,2.411409274,NA,18.43227003,1.954683309,1538.855069,2.09E-06,32.28619584,3.04E-06,0.00340194,4.01E-06,3.99E-07,1.67E-07,NA,0.004683902,PBP-011,XI_1383,URM3,M3,tooth,-12.70241766
ACL-10573,NA,3.424044148,3.066613443,4.870311035,0.83965739,NA,199.8839164,2.006173125,521.4013385,5.58E-07,110.1908357,3.13E-05,0.001482362,1.29E-06,1.37E-07,5.53E-08,NA,0.016336485,PBP-012,XI_1383,LLI2,I2,tooth,-10.37087441
ACL-10574,NA,10.55190157,9.359744924,12.74908431,2.903422098,NA,175.8191355,2.021733391,511.6949266,2.76E-06,145.2083924,4.47E-05,0.002067909,6.44E-06,5.83E-07,3.10E-07,NA,0.022868235,PBP-013,XI_1228,LLC,C,tooth,-10.01573506
ACL-10575,NA,20.38292008,18.53633287,30.28120383,5.608757632,NA,20.93736686,1.968707283,1297.26645,4.32E-06,14.42243521,4.20E-06,0.00373888,9.82E-06,1.09E-06,4.73E-07,NA,0.00545303,PBP-014,XI_1267,URM2,M2,tooth,-12.37959839
ACL-10576,NA,22.61865452,21.2262228,29.51752167,5.556945368,NA,28.2111481,1.966417062,1272.499937,4.29E-06,13.99768447,4.91E-06,0.003188679,9.46E-06,9.25E-07,4.07E-07,NA,0.006252837,PBP-015,XI_1267,ULI1,I1,tooth,-12.22345864
ACL-10577,NA,10.08831924,9.585423342,11.24471272,1.783079822,NA,142.3933324,1.986403279,1017.543058,1.81E-06,23.41479861,2.32E-05,0.002947215,3.94E-06,3.30E-07,1.22E-07,NA,0.0235924,PBP-016,XI_1371,URI1,I1,tooth,-10.6719769
ACL-10578,NA,12.70060958,12.1032551,15.08497387,2.795902375,NA,23.57966314,1.965889913,1091.911007,3.09E-06,21.54832863,5.20E-06,0.003408792,6.72E-06,5.98E-07,2.59E-07,NA,0.0056739,PBP-017,XI_1386,URI1,I1,tooth,-12.1675632
ACL-10579,NA,9.313806417,8.769418095,11.6973924,2.288459979,NA,254.9436302,2.086997019,414.2623542,1.69E-06,186.0258021,4.23E-05,0.001038402,3.70E-06,3.49E-07,1.59E-07,NA,0.017504014,PBP-018,XI_1389,URM2,M2,tooth,-10.07182454
ACL-10580,NA,5.727986127,7.499933918,7.614284746,1.592675122,NA,365.6843675,2.161195137,280.9115974,2.00E-06,207.1458362,8.41E-05,0.000603621,3.16E-06,3.15E-07,1.54E-07,NA,0.023637204,PBP-019,XI_1389,URM1,M1,tooth,-9.382973403
ACL-10581,NA,9.43361549,12.21467454,10.46080916,1.899121943,NA,43.48764367,1.954402051,1358.050844,2.49E-06,46.21748818,7.65E-06,0.002399071,3.98E-06,3.31E-07,1.40E-07,NA,0.010388145,PBP-020,XI_1272,URM2,M2,tooth,-11.78089574
ACL-10582,NA,2.645256124,4.5960584,3.021419404,0.496813233,NA,38.12005843,1.953830168,1144.038637,1.11E-06,67.47309359,7.94E-06,0.002320838,1.32E-06,1.13E-07,4.34E-08,NA,0.00908017,PBP-021,XI_1272,ULI1,I2,tooth,-11.74398235
ACL-10583,NA,4.029358613,5.872368485,4.391512189,0.828467026,NA,100.0658208,1.976801763,846.1348845,1.21E-06,90.63105928,1.78E-05,0.001664532,1.72E-06,1.40E-07,6.18E-08,NA,0.015048493,PBP-022,XI_1272,LRI1,I2,tooth,-10.93715619
ACL-10584,NA,6.833793341,7.868156897,9.763062294,2.064748374,NA,24.20782721,1.946045157,1351.027852,1.67E-06,118.2319432,4.42E-06,0.002084937,2.99E-06,3.21E-07,1.58E-07,NA,0.005969459,PBP-023,XI_1285,LLM3,M3,tooth,-12.32971985
ACL-10585,NA,14.05915668,13.10982779,20.16759191,4.654205504,NA,87.86669049,2.005199915,837.9855758,2.75E-06,149.1412578,1.59E-05,0.001738851,6.11E-06,6.57E-07,3.54E-07,NA,0.013334407,PBP-024,XI_1285,ULM2,M2,tooth,-11.04840851
ACL-10586,NA,15.24170672,17.12702783,21.06270514,3.552423949,NA,82.4747122,1.969051045,766.6236761,3.48E-06,85.10811133,1.45E-05,0.00126508,6.41E-06,6.64E-07,2.61E-07,NA,0.011080009,PBP-025,XI_1294,URI2,I2,tooth,-11.14460882
ACL-10587,NA,5.229393292,7.427998662,5.803328239,1.213796408,NA,47.79368983,1.947659605,880.7997598,1.74E-06,166.4374923,9.65E-06,0.002179901,2.53E-06,2.11E-07,1.03E-07,NA,0.008500251,PBP-026,XI_1316,ULM3,M3,tooth,-11.5484899
ACL-11390b,2.217146634,3.418967063,3.180060882,3.611151709,0.679384225,3.213661662,460.2706931,2.246616918,434.2601297,3.85E-07,168.8994681,4.81E-05,0.000396964,8.57E-07,6.79E-08,2.98E-08,3.36E-07,0.020885429,PBP-102,XI_1339,ULC,C,tooth,-9.942347265
ACL-11391b,1.147163554,1.964674901,1.905355425,1.616992604,0.448312954,1.051233964,12.39157141,2.129754036,621.1039895,4.23E-07,350.0190689,2.37E-06,0.000870839,9.03E-07,5.58E-08,3.61E-08,2.01E-07,0.001474443,PBP-250,XI_1382,ULM1,M2,tooth,-12.95097351
ACL-11392b,3.615546629,6.215360236,5.793491571,7.148081741,1.414728733,NA,3.354856699,2.075435328,2440.877554,1.11E-06,32.93434944,5.52E-07,0.003005941,2.45E-06,2.12E-07,9.77E-08,NA,0.001346717,PBP-203,XI_1373,LRI1,I1,tooth,-14.41019841
ACL-11393b,1.590331109,2.852663137,2.552604366,2.52775155,0.533749254,NA,7.418167035,2.197115745,1651.72238,2.57E-07,241.4749257,6.43E-07,0.001093797,5.93E-07,3.94E-08,1.94E-08,NA,0.001061509,PBP-094,XI_1336,URP3,P2,tooth,-14.25763743
ACL-11394b,4.882164793,8.36635476,8.086089348,12.87420983,2.695338999,NA,158.5855352,2.180407314,824.8297978,1.03E-06,130.6801446,1.74E-05,0.000851083,2.20E-06,2.54E-07,1.24E-07,NA,0.014355195,PBP-179,XI_1361,LRI1,I1,tooth,-10.95882041
ACL-11395b,16.06174693,26.88162734,23.74869893,33.12529245,6.109680912,NA,36.01047732,2.044915123,1451.133318,4.40E-06,33.43510965,5.75E-06,0.003120482,1.03E-05,9.52E-07,4.10E-07,NA,0.008345227,PBP-209,XI_1374,LLC,C,tooth,-12.06616565
ACL-11397b,9.465838967,17.98905502,15.19120684,23.84577829,4.82719716,1.257899076,257.8241953,2.253582173,388.3438994,3.16E-06,183.3655009,4.62E-05,0.000393851,7.73E-06,7.69E-07,3.63E-07,2.25E-07,0.017935667,PBP-080,XI_1324,URI1,I1,tooth,-9.982855285
ACL-11398b,4.44811781,7.681735949,7.211568625,8.245634712,2.045041216,NA,43.43825951,2.172132188,1283.020676,1.04E-06,145.301672,5.39E-06,0.00142543,2.29E-06,1.84E-07,1.06E-07,NA,0.0069093,PBP-244,XI_1381,URI1,I1,tooth,-12.13185943
ACL-11399b,6.698192206,11.87238797,11.21014513,14.03715513,2.420066488,NA,6.304440984,2.094447611,1788.050994,2.09E-06,46.34674165,1.01E-06,0.002025313,4.57E-06,4.05E-07,1.63E-07,NA,0.001807627,PBP-238,XI_1380,URM1,M1,tooth,-13.80462165
ACL-11400b,5.447322462,9.560752801,9.267699432,10.26817898,2.102926929,NA,36.7151363,2.098615073,1169.767489,2.16E-06,76.18406798,7.37E-06,0.002040325,4.61E-06,3.71E-07,1.77E-07,NA,0.008621568,PBP-084,XI_1325,URM1,M1,tooth,-11.81804854
ACL-11401b,12.61542707,21.88237489,21.63840604,26.34960255,4.900294953,1.081513027,14.06362458,2.186219172,1610.9541,2.81E-06,48.5484215,1.57E-06,0.001234116,5.87E-06,5.30E-07,2.30E-07,1.21E-07,0.002533289,PBP-111,XI_1342,URM1,M2,tooth,-13.36281885
ACL-11402b,3.676440366,6.173646466,5.434761316,6.729130724,1.318578654,14.01975483,11.66626857,2.108554699,1543.767513,8.87E-07,50.6769977,1.64E-06,0.001836554,2.08E-06,1.70E-07,7.79E-08,1.97E-06,0.002532659,PBP-052,XI_1266,LLM2,M2,tooth,-13.32046663
ACL-11403b,11.70879139,22.37301428,20.05404955,23.42008025,4.040876485,9.884675038,7.46270856,2.097273602,1728.07834,3.63E-06,40.7453595,1.17E-06,0.002665117,8.39E-06,6.59E-07,2.65E-07,1.54E-06,0.002014791,PBP-036,XI_1215,Lower M3,M3,tooth,-13.66200533
ACL-11404b,1.611798395,2.87123822,2.324939394,3.071102463,0.461629966,4.888953694,2.494003427,2.099282791,2183.228633,4.85E-07,90.16698313,4.48E-07,0.003011991,1.24E-06,9.93E-08,3.48E-08,8.78E-07,0.000978207,PBP-041,XI_1245,URM3,M3,tooth,-14.61834892
ACL-11405b,1.266292069,2.10623998,1.667335509,1.616466556,NA,3.88502933,88.94867273,2.123614354,974.6345012,2.92E-07,31.1282505,1.34E-05,0.001359108,7.63E-07,4.39E-08,NA,5.87E-07,0.013093671,PBP-347,XI_1387,URC,C,tooth,-11.2176888
ACL-11406b,1.187690583,1.982490219,1.772029649,2.194038177,NA,2.763406807,31.72825576,2.116409667,907.3803247,3.50E-07,94.27857469,5.39E-06,0.001072747,8.09E-07,6.72E-08,NA,4.70E-07,0.004895283,PBP-350,XI_1388,ULI1,I1,tooth,-12.13004494
ACL-11407b,1.585214245,2.467177782,2.29421314,3.019655773,0.599170786,1.766952541,33.82931243,2.117845585,900.8718769,4.60E-07,56.15675724,5.85E-06,0.001458637,1.02E-06,9.40E-08,4.35E-08,3.06E-07,0.005270287,PBP-319,XI_1357,ULC,C,tooth,-12.04903356
ACL-11408b,6.080789528,11.22216788,10.72926255,12.30110878,2.392472782,2.259192117,5.697026955,2.101834564,2380.313627,1.96E-06,15.22074655,8.97E-07,0.003118722,4.24E-06,3.48E-07,1.58E-07,3.56E-07,0.002134074,PBP-334,XI_1370,ULM2,M2,tooth,-13.92470978
ACL-11409b,2.336100539,4.105228575,3.570101862,5.177663153,0.990495658,1.348344496,65.61334767,2.146955162,595.1378757,7.70E-07,126.5024853,1.22E-05,0.001346229,1.83E-06,1.73E-07,7.74E-08,2.51E-07,0.007261627,PBP-295,XI_1268,LLC,C,tooth,-11.31394448
ACL-11410b,1.137503327,1.674167044,1.477505147,1.463739148,NA,NA,6.72138506,2.108749863,798.3674592,4.92E-07,151.6728083,1.93E-06,0.001729243,1.15E-06,7.56E-08,NA,NA,0.001540646,PBP-415,XI_1398,LRC,C,tooth,-13.1581226
ACL-11411b,3.093359647,4.913778828,4.194450521,5.427195089,1.358276321,NA,34.94352414,2.120130068,1348.632281,7.89E-07,137.6976168,5.66E-06,0.001818523,1.91E-06,1.58E-07,9.25E-08,NA,0.007639708,PBP-394,XI_1344,LLP3,P2,tooth,-12.08124207
ACL-11412b,1.206582334,1.947176443,1.656901576,1.205819825,NA,NA,91.92737319,2.155982187,730.08265,3.64E-07,202.3131528,1.74E-05,0.000919049,8.85E-07,4.11E-08,NA,NA,0.012709093,PBP-391,XI_1333,LLC,C,tooth,-10.95859528
ACL-11413b,1.381605769,2.708114152,1.962234822,2.064299737,0.318581719,NA,4.489296476,2.102198513,1972.010266,4.47E-07,65.72546552,8.82E-07,0.002926106,1.28E-06,7.30E-08,2.63E-08,NA,0.001738997,PBP-402,XI_1384,LRP3,P2,tooth,-13.94125572
ACL-11414b,1.332687506,2.425418403,2.262167462,2.4527938,0.4015885,NA,9.520169127,2.097859915,2170.919166,4.54E-07,100.9670906,1.65E-06,0.002899455,1.01E-06,7.64E-08,2.92E-08,NA,0.003578288,PBP-388,XI_1332,URP3,P2,tooth,-13.31577679
ACL-11415b,7.472360485,13.00507986,12.06382031,14.96385527,3.158382924,NA,8.582951193,2.087395809,2330.247078,2.27E-06,27.73523754,1.39E-06,0.002826416,5.07E-06,4.38E-07,2.16E-07,NA,0.003249249,PBP-389,XI_1332,LRC,C,tooth,-13.48306089
ACL-11416b,2.769886569,4.959216396,4.067083716,5.320967095,1.009935956,NA,2.593148762,2.097730711,1863.79396,6.70E-07,104.6854801,3.68E-07,0.002206723,1.69E-06,1.36E-07,6.02E-08,NA,0.000685941,PBP-384,XI_1316,ULP3,P2,tooth,-14.8150886
ACL-11417b,1.407402187,2.627428869,1.84095432,2.825084411,0.456244378,NA,1.460336438,2.084475117,3895.382039,3.25E-07,19.28846283,2.22E-07,0.005234406,9.59E-07,7.73E-08,2.91E-08,NA,0.000865236,PBP-408,XI_1385,ULM1,M1,tooth,-15.32005562
ACL-11418b,1.30965622,2.256665003,1.545375647,1.942314134,NA,NA,3.251965392,2.094271134,2403.669521,3.17E-07,77.94162695,5.76E-07,0.002374944,9.59E-07,6.19E-08,NA,NA,0.0013842,PBP-365,XI_1271,ULP3,P1,tooth,-14.36738485
ACL-11419b,2.836735876,4.456234616,3.911804248,4.86862558,0.852850915,NA,30.4599001,2.126413683,1324.70311,7.16E-07,65.24682705,4.81E-06,0.001464391,1.69E-06,1.38E-07,5.66E-08,NA,0.006370363,PBP-370,XI_1275,URM1,M1,tooth,-12.24504254
ACL-11420b,6.431608643,10.04610049,9.26748694,12.84825275,3.065455096,NA,26.94845804,2.165107514,1532.667273,1.70E-06,15.39147966,4.27E-06,0.003055526,3.82E-06,3.66E-07,2.04E-07,NA,0.006537275,PBP-376,XI_1277,LLM3,M3,tooth,-12.36499971
ACL-12385,3.4093159,4.800275463,3.88732879,11.63040422,6.67528761,27.90213465,925.023645,2.355385955,258.1554753,4.49E-07,135.692001,9.22E-05,0.000132176,1.15E-06,2.09E-07,2.79E-07,2.78E-06,0.023790673,PBP-031,XI_1201,rib,NA,bone,-9.292023678
ACL-11261,9.829967825,12.73609773,9.44598956,30.74664249,12.59427726,15.71738852,989.2220251,2.319391806,295.5574282,1.17E-06,110.7808388,0.000105943,NA,3.27E-06,5.93E-07,5.67E-07,1.68E-06,0.031312358,PBP-034,XI_1202,r scapula,NA,bone,-9.15260561
ACL-11264,1.880065134,2.41540681,2.326216355,5.771272547,3.203380419,NA,652.0929207,2.258660254,308.7528714,3.40E-07,86.44919771,8.20E-05,NA,7.29E-07,1.31E-07,1.69E-07,NA,0.02533217,PBP-050,XI_1253,clavical,NA,bone,-9.40822132
ACL-11265,10.60568026,15.22781659,11.43434581,32.46494984,13.32445265,NA,859.2246791,2.295172197,274.3620893,1.86E-06,74.45639987,0.000120789,NA,5.14E-06,8.21E-07,7.87E-07,NA,0.033139804,PBP-054,XI_1266,scapula,NA,bone,-9.021468907
ACL-12040,4.976529553,4.485336147,4.08467728,10.43870734,5.089986045,NA,964.4949133,2.504265326,216.330395,6.91E-07,97.97594691,0.000140757,NA,1.57E-06,2.74E-07,3.12E-07,NA,0.030450093,PBP-078,XI_1318,prox. foot phalanx,NA,bone,-8.868473089
ACL-11271,NA,NA,NA,NA,0.543008159,NA,934.4885113,2.278090814,294.8815477,NA,193.3391816,0.000123429,NA,NA,NA,3.01E-08,NA,0.036397059,PBP-083,XI_1324,fibula,NA,bone,-8.999841041
ACL-11278,NA,NA,NA,NA,0.589914371,NA,727.2171097,2.267440786,299.3639096,NA,119.0116832,9.22E-05,0.0002017,NA,NA,3.14E-08,NA,0.027591073,PBP-117,XI_1343,r distal fibula,NA,bone,-9.291922923
ACL-11279,1.85947668,1.413438013,1.140063397,3.701515357,2.874777698,NA,935.1537526,2.333522298,243.3928907,1.80E-07,5.019975578,0.000127618,NA,4.63E-07,9.09E-08,1.65E-07,NA,0.031061254,PBP-121,XI_1348,r MT1,NA,bone,-8.966471065
ACL-11281,1.114223423,NA,NA,2.488929752,1.981481537,NA,902.7195822,2.362881847,264.9014546,NA,62.49162103,0.000121308,0.000215207,NA,6.02E-08,1.12E-07,NA,0.032134659,PBP-141,XI_1350,l ulna,NA,bone,-9.017178012
ACL-11284,NA,NA,NA,NA,0.857798572,NA,1058.195954,2.394748406,206.6427942,NA,41.3540245,0.000144124,NA,NA,NA,4.91E-08,NA,0.029782217,PBP-157,XI_1355,fibula,NA,bone,-8.844835471
ACL-11285,2.363116222,2.188976518,1.642008555,6.440263935,3.913152323,NA,1070.678662,2.35630235,224.2232922,2.82E-07,59.26958251,0.00015869,NA,7.79E-07,1.72E-07,2.44E-07,NA,0.035582087,PBP-161,XI_1356,fibula,NA,bone,-8.748555333
ACL-12041,18.67202247,25.99223921,22.81573226,48.96531504,17.98352532,NA,807.1140451,2.447663741,265.7297503,3.95E-06,59.48271241,0.000120576,NA,9.32E-06,1.32E-06,1.13E-06,NA,0.03204065,PBP-165,XI_1358,l rib,NA,bone,-9.023229691
ACL-11288,1.272233775,1.379391976,1.48193996,3.132407144,1.531171334,NA,531.2915126,2.313211716,270.2722799,2.59E-07,134.1580643,7.99E-05,NA,4.98E-07,8.48E-08,9.67E-08,NA,0.021598021,PBP-177,XI_1360,fibula,NA,bone,-9.434583505
ACL-11289,2.016547229,2.254717413,2.138168844,5.225940866,3.502160959,NA,1017.649244,2.336310014,260.3232861,3.25E-07,40.02643148,0.000133451,NA,7.10E-07,1.23E-07,1.93E-07,NA,0.034740314,PBP-183,XI_1361,l MT1,NA,bone,-8.921778748
ACL-11291,NA,NA,NA,1.942296004,0.872664033,NA,991.1523781,2.338312426,255.7110253,NA,210.1158298,0.000116213,NA,NA,4.10E-08,4.30E-08,NA,0.029716945,PBP-189,XI_1364,fibula,NA,bone,-9.060085866
ACL-11293,2.283294809,1.40575362,1.926468652,4.73403648,2.399249595,NA,966.9646606,2.353550969,234.3233266,3.34E-07,117.2824535,0.000144439,NA,5.04E-07,1.27E-07,1.51E-07,NA,0.033845386,PBP-198,XI_1366,r rib,NA,bone,-8.842654501
ACL-11299,1.609830998,1.946907867,1.618586119,3.65518145,1.935751527,NA,695.4597132,2.318731172,269.8429584,2.66E-07,67.2665695,9.84E-05,NA,6.61E-07,9.31E-08,1.15E-07,NA,0.02656212,PBP-242,XI_1380,fibula,NA,bone,-9.226109299
ACL-11865,2.363767789,2.357372626,2.329575377,7.37649665,4.510316068,NA,797.6005457,2.327261607,294.6757069,3.36E-07,54.71504785,9.90E-05,NA,7.02E-07,1.65E-07,2.35E-07,NA,0.029182768,PBP-290,XI_1267,r rib head,NA,bone,-9.220052335
ACL-11308,1.506988716,1.016496893,0.84367301,3.936465751,3.118688372,NA,851.434,2.31021671,315.5476853,1.24E-07,23.75300719,0.000107646,NA,3.08E-07,8.96E-08,1.66E-07,NA,0.033967558,PBP-303,XI_1269,rib,NA,bone,-9.1366592
ACL-11310,4.127574805,5.378728217,5.151457473,10.28676804,4.528317101,NA,705.2625383,2.288347141,303.9037254,7.66E-07,50.46569142,9.04E-05,0.00040775,1.65E-06,2.37E-07,2.44E-07,NA,0.027474574,PBP-313,XI_1298,l patella,NA,bone,-9.311205245
ACL-11711,0.939561169,NA,NA,3.408872781,2.278716339,NA,1068.136968,2.33285883,262.3182562,NA,50.12948403,0.000154465,NA,NA,8.87E-08,1.38E-07,NA,0.040518921,PBP-333,XI_1369,rib,NA,bone,-8.775544708
ACL-11317,NA,NA,NA,NA,NA,NA,906.9859573,2.366440348,221.2717761,NA,50.18015601,0.000129045,NA,NA,NA,NA,NA,0.028553941,PBP-349,XI_1387,fibula,NA,bone,-8.955352021
ACL-11319,NA,NA,NA,NA,0.852009,NA,801.531723,2.381222893,271.9568042,NA,99.53487727,0.000109174,NA,NA,NA,4.87E-08,NA,0.029690711,PBP-357,XI_1389,fibula,NA,bone,-9.122564279
ACL-11321,1.363185104,2.458918936,1.864516499,5.3253552,2.935299554,NA,1129.679867,2.35825732,276.0887204,2.84E-07,219.5524367,0.000148088,NA,7.74E-07,1.26E-07,1.62E-07,NA,0.040885311,PBP-366,XI_1271,scapula,NA,bone,-8.817706688
ACL-11325,0.685857233,1.423863631,1.075892446,3.186305331,1.057320336,NA,726.0336025,2.34562291,296.3005245,2.13E-07,15.23738249,0.000123917,NA,5.83E-07,9.79E-08,7.58E-08,NA,0.036716743,PBP-378,XI_1277,l humerus,NA,bone,-8.995896628
ACL-11326,NA,NA,NA,1.675768407,0.973171347,NA,625.6763906,2.351272166,299.6003587,NA,154.4618757,0.000105952,NA,NA,5.11E-08,6.92E-08,NA,0.031743216,PBP-382,XI_1294,fibula,NA,bone,-9.152525709
ACL-11328,NA,NA,NA,6.742088519,2.293058138,NA,1828.655979,2.365177585,307.4567444,NA,200.5195843,0.000128659,NA,NA,8.54E-08,6.78E-08,NA,0.039556996,PBP-390,XI_1332,r clavical,NA,bone,-8.958347121
ACL-11728,1.000933044,1.102462478,NA,3.03212419,3.581051135,NA,1028.107562,2.334432596,310.122132,NA,5.999262581,0.000148074,0.000245673,3.81E-07,7.86E-08,2.17E-07,NA,0.045920979,PBP-396,XI_1344,prox. hand phalanx,NA,bone,-8.817799408
ACL-11331,NA,NA,NA,NA,0.634239792,NA,1289.747148,2.33618002,271.4994371,NA,13.89650939,0.000156166,NA,NA,NA,3.23E-08,NA,0.042398954,PBP-398,XI_1371,l MC2,NA,bone,-8.764591658
ACL-11333,NA,5.226901017,4.369999859,14.00676317,6.878808657,NA,871.7193314,2.32128858,305.1777917,7.20E-07,141.5078716,0.000123837,NA,1.78E-06,3.58E-07,4.10E-07,NA,0.037792388,PBP-411,XI_1385,rib,NA,bone,-8.996542114
ACL-11774,NA,NA,NA,5.627399683,4.563321359,NA,728.8987679,2.350101368,295.8845798,NA,31.86349481,0.00010904,NA,NA,1.52E-07,2.87E-07,NA,0.03226324,PBP-255,XI_1382,L MT1,NA,bone,-9.123796207
ACL-11858,NA,NA,NA,3.530511575,2.530582942,NA,713.2982453,2.316289722,302.6467006,NA,95.99909209,0.000101146,NA,NA,9.01E-08,1.51E-07,NA,0.030611632,PBP-062,XI_1289,r MT1,NA,bone,-9.198941317
ACL-11859,NA,4.335811261,3.457095113,14.65429123,10.1922481,NA,1014.009032,2.378966572,270.6657852,5.91E-07,56.91674398,0.00014953,NA,1.53E-06,3.89E-07,6.31E-07,NA,0.040472766,PBP-100,XI_1336,R MT5,NA,bone,-8.80801077
ACL-11860,NA,3.36797405,3.10353604,10.23991004,5.218627472,NA,990.4077837,2.330045935,310.1037289,5.40E-07,175.3760965,0.000148496,NA,1.21E-06,2.76E-07,3.29E-07,NA,0.046049123,PBP-218,XI_1375,rib,NA,bone,-8.814953416
ACL-11861,NA,NA,NA,3.958638029,2.089754065,NA,537.4655391,2.290723668,321.8670456,NA,116.8042468,7.90E-05,NA,NA,1.05E-07,1.29E-07,NA,0.025435506,PBP-039,XI_1215,RIGHT RADIUS,NA,bone,-9.445747783
ACL-11862,NA,5.792618889,4.776944253,9.735310983,3.785509219,NA,611.7790101,2.363986554,289.3154131,6.92E-07,101.5373857,7.64E-05,NA,1.74E-06,2.19E-07,1.99E-07,NA,0.02210637,PBP-045,XI_1247,occipital,NA,bone,-9.479406961
ACL-11863,NA,NA,NA,3.185444906,2.48451114,NA,789.0410324,2.348501327,300.3743056,NA,108.2910102,0.000112475,NA,NA,8.17E-08,1.49E-07,NA,0.033784515,PBP-072,XI_1297,intermediate hand phalanx,NA,bone,-9.092782091
ACL-11864,9.378111813,11.7488411,10.3802721,28.3385732,11.21403541,NA,890.0021805,2.275323281,348.7569927,1.38E-06,34.82643709,0.000102324,NA,3.24E-06,5.86E-07,5.41E-07,NA,0.035686144,PBP-113,XI_1342,right rib (2/2),NA,bone,-9.18736816
ACL-11866,NA,NA,NA,2.293955907,1.513948314,NA,856.1889719,2.370892167,288.5455743,NA,188.2120711,0.000121288,NA,NA,5.85E-08,9.01E-08,NA,0.03499723,PBP-092,XI_1328,fibula,NA,bone,-9.017339398
ACL-11867,NA,NA,NA,2.91839268,2.022863476,NA,856.6171919,2.348797264,284.6017644,NA,72.14123371,0.000116471,NA,NA,7.14E-08,1.16E-07,NA,0.033147816,PBP-170,XI_1359,left MT2,NA,bone,-9.057869343
ACL-11868,NA,NA,NA,3.218612371,1.410839203,NA,970.2027025,2.32186106,283.517507,NA,54.84189747,0.000133394,NA,NA,7.97E-08,8.15E-08,NA,0.037819659,PBP-192,XI_1365,left humerus,NA,bone,-8.922200113
ACL-11870,15.7279537,21.9812053,23.17270089,38.21156072,11.25381697,NA,914.759425,2.364481563,212.7688,3.88E-06,104.2559614,0.00013208,NA,7.62E-06,9.93E-07,6.82E-07,NA,0.028102558,PBP-212,XI_1374,tibia,NA,bone,-8.932100801
ACL-11871,NA,2.266473732,2.199302717,7.462061603,3.954840115,NA,1028.122263,2.369254839,244.8657625,3.64E-07,102.6916667,0.000146755,NA,7.76E-07,1.92E-07,2.37E-07,NA,0.035935367,PBP-264,XI_1392,right MT3,NA,bone,-8.826743478
ACL-11872,NA,4.864465157,5.009323204,15.93056809,7.147047461,NA,1112.555055,2.400378654,284.0423449,7.23E-07,30.93354168,0.000138427,NA,1.45E-06,3.57E-07,3.73E-07,NA,0.039319216,PBP-152,XI_1354,prox. Hand phalanx,NA,bone,-8.885165257
ACL-11873,NA,4.837702926,4.395740971,14.43647708,7.48243662,NA,1181.731458,2.386986214,265.1393686,7.23E-07,35.34516625,0.000167638,NA,1.65E-06,3.69E-07,4.46E-07,NA,0.044447501,PBP-147,XI_1353,right clavicle,NA,bone,-8.693702157
ACL-11874,NA,NA,2.028511349,9.938633434,7.81749128,NA,1152.043345,2.486446369,249.3382198,2.65E-07,82.58024729,0.000129613,NA,NA,2.01E-07,3.69E-07,NA,0.032317389,PBP-259,XI_1390,fibula,NA,bone,-8.95096011
ACL-11875,NA,3.540023484,3.067428323,10.23679817,5.023465154,NA,910.486104,2.385108338,298.8223386,4.86E-07,50.98612528,0.000124401,NA,1.16E-06,2.52E-07,2.88E-07,NA,0.037173944,PBP-317,XI_1351,prox. Hand phalanx,NA,bone,-8.991996409
ACL-11876,NA,4.155315355,2.605000468,8.028492229,3.835576462,NA,1382.464671,2.372299564,329.5736127,3.49E-07,50.39114221,0.000159741,NA,1.15E-06,1.67E-07,1.86E-07,NA,0.052646401,PBP-320,XI_1357,right MC5,NA,bone,-8.741957134
ACL-11877,NA,NA,NA,2.252956817,1.3984865,NA,1050.8803,2.375752862,304.6466419,NA,32.23611471,0.000138667,NA,NA,5.35E-08,7.75E-08,NA,0.042244558,PBP-283,XI_1228,right MT1,NA,bone,-8.883432283
ACL-11878,7.233639748,9.40918671,9.222355085,20.0828415,7.866313476,NA,1425.140874,2.424238565,255.3524754,1.22E-06,50.90828651,0.000162283,NA,2.57E-06,4.12E-07,3.76E-07,NA,0.041439366,PBP-343,XI_1386,metatarsal shaft,NA,bone,-8.726168833
ACL-11879,NA,NA,NA,1.697999528,NA,NA,1199.423121,2.3985881,249.8346105,NA,85.29870257,0.000154853,NA,NA,3.95E-08,NA,NA,0.038687631,PBP-352,XI_1388,left ilium,NA,bone,-8.773034488
ACL-11880,NA,NA,NA,1.239530566,NA,NA,1051.323129,2.388068815,246.3085017,NA,78.77424187,0.00013594,NA,NA,2.88E-08,NA,NA,0.033483077,PBP-362,XI_1397,fibula,NA,bone,-8.903299946
ACL-11881,NA,6.043509355,4.256011345,9.9109211,5.523991842,NA,1074.737726,2.417470612,298.8576246,6.67E-07,158.401308,0.000145256,NA,1.96E-06,2.41E-07,3.14E-07,NA,0.043410774,PBP-309,XI_1285,rib,NA,bone,-8.83701491
ACL-11882,NA,2.389878357,2.244860236,4.269976182,1.540309762,NA,800.7744908,2.410182109,281.0627798,3.60E-07,129.9990657,0.00011059,NA,7.92E-07,1.06E-07,8.93E-08,NA,0.031082653,PBP-367,XI_1272,fibula,NA,bone,-9.109683458
ACL-11883,NA,1.856278142,NA,7.96422235,4.85670273,NA,798.8728165,2.388773594,308.8511472,NA,63.84595545,0.000109962,0.000163317,6.13E-07,1.97E-07,2.81E-07,NA,0.033962002,PBP-387,XI_1316,left MT5,NA,bone,-9.115372409
ACL-11884,NA,NA,NA,7.323303743,5.037497414,NA,876.9327818,2.388439854,307.8455578,NA,80.61471492,0.000110633,NA,NA,1.66E-07,2.67E-07,NA,0.034057984,PBP-407,XI_1384,RIB FRAG,NA,bone,-9.109289017
ACL-11885,NA,NA,NA,NA,NA,NA,725.1837339,2.364656644,277.2486083,NA,181.0322612,0.000110441,NA,NA,NA,NA,NA,0.030619654,PBP-417,XI_1398,right radius,NA,bone,-9.111027809
ACL-11886,NA,NA,NA,3.201124347,1.26876845,NA,844.8285971,2.380822127,321.5553015,NA,131.7820054,0.000108381,NA,NA,7.39E-08,6.84E-08,NA,0.034850485,PBP-431,XI_1400,left fibula,NA,bone,-9.129857755
ACL-11887,NA,NA,NA,NA,NA,NA,874.1452919,2.437544222,260.6329503,NA,161.6225526,0.00011879,NA,NA,NA,NA,NA,0.030960591,PBP-426,XI_1399,right MT5,NA,bone,-9.038153245
ACL-11903,NA,NA,NA,2.438380401,2.328899385,NA,1040.028305,2.369106525,281.5315859,NA,47.3211676,0.000142704,NA,NA,6.02E-08,1.34E-07,NA,0.040175717,PBP-271,XI_1383,fibula,NA,bone,-8.85473718
ACL-11748,NA,NA,2.959700438,3.376389945,0.746138707,28.37000822,10.45190949,2.086798002,1493.601388,3.94E-07,99.91802094,1.20E-06,0.000449451,NA,6.98E-08,3.60E-08,3.26E-06,0.001792233,PBP-215,XI_1375,ULM3,M3,tooth,-13.63323824
ACL-11785,2.392220417,3.602955285,4.884984733,6.335861023,1.206227103,23.95572419,102.9118246,2.150180795,1089.552755,5.33E-07,154.8597401,9.68E-06,0.000430597,8.13E-07,1.07E-07,4.76E-08,2.25E-06,0.010541509,PBP-194,XI_1366,ULI1,I1,tooth,-11.54595718
ACL-11888,14.15982819,24.78178162,24.98099339,32.72754633,6.004020918,20.60846893,293.1463495,2.242961751,612.0544989,2.44E-06,199.9959211,2.47E-05,0.000348549,5.01E-06,4.97E-07,2.13E-07,1.74E-06,0.015127089,PBP-071,XI_1297,ULM3 crown + root fragments,M3,tooth,-10.60808951
ACL-11889,NA,NA,2.206480151,3.355909186,0.623385457,14.18726093,30.43614975,2.09016961,1525.45966,2.00E-07,151.0551435,2.38E-06,0.000360461,NA,4.72E-08,2.05E-08,1.11E-06,0.003631429,PBP-116,XI_1343,URC,C,tooth,-12.94818008
ACL-11890,2.857832837,5.309726595,6.148901919,8.15771494,1.425041857,11.33385868,12.76790769,2.156373232,2473.960904,5.33E-07,37.3193516,9.54E-07,0.000975095,9.52E-07,1.10E-07,4.47E-08,8.47E-07,0.00235947,PBP-232,XI_1379,URC,C,tooth,-13.86289413
ACL-11892,4.429940942,7.546266787,8.22599838,12.7162055,2.789999678,22.78831889,270.6439495,2.191783897,646.4213699,7.10E-07,439.0008708,2.01E-05,0.000164013,1.35E-06,1.70E-07,8.71E-08,1.69E-06,0.013009232,PBP-163,XI_1358,URP3,P1,tooth,-10.81354757
ACL-11893,9.321939319,16.27501073,15.96966535,22.63299296,4.653493887,12.11350627,45.66295731,2.162025413,1381.45024,1.58E-06,291.4782655,3.89E-06,0.000331537,3.32E-06,3.47E-07,1.66E-07,1.03E-06,0.005367455,PBP-061,XI_1289,ULI2,I2,tooth,-12.4582905
ACL-11894,6.754940348,12.81866139,12.43985094,17.30263277,2.787110347,10.28718639,73.6083766,2.148010714,1383.945569,1.36E-06,222.6926926,6.95E-06,0.000333057,2.91E-06,2.94E-07,1.11E-07,9.71E-07,0.00962037,PBP-088,XI_1328,URI2,I2,tooth,-11.87656634
ACL-11895,3.756425779,6.258541933,6.761435952,8.292623019,1.866116025,9.773384447,605.4813793,2.305372478,392.5060132,6.43E-07,164.3254287,4.96E-05,NA,1.23E-06,1.22E-07,6.42E-08,8.01E-07,0.019479391,PBP-130,XI_1349,URP2,P2,tooth,-9.910950082
ACL-11896,5.893025314,9.444069836,11.22079616,13.93416753,2.362335678,5.816069524,132.5011694,2.177023021,1041.939133,1.26E-06,159.199368,1.29E-05,0.000262393,2.20E-06,2.43E-07,9.63E-08,5.64E-07,0.013393751,PBP-223,XI_1376,LLI2,I2,tooth,-11.26180585
ACL-11897,12.83042067,21.62456662,21.38634022,29.38143507,6.641494758,6.50839387,350.1747743,2.238147236,638.7496582,1.85E-06,102.7207058,2.61E-05,0.000132566,3.87E-06,3.94E-07,2.08E-07,4.85E-07,0.016684123,PBP-154,XI_1355,ULI2 (URI2),I2,tooth,-10.55281034
ACL-11898,9.781688884,16.88480784,17.02278563,22.42690706,4.733256537,20.52978328,201.8530075,2.203772838,1032.912871,1.35E-06,3.58034449,1.38E-05,0.000182787,2.77E-06,2.76E-07,1.36E-07,1.40E-06,0.014268147,PBP-149,XI_1354,LRM2,M2,tooth,-11.18986382
ACL-11899,7.817429988,13.33296173,13.12803603,17.46992773,3.872730626,9.182237452,14.54680133,2.147491369,2033.423833,1.21E-06,141.9257329,1.15E-06,0.000383078,2.54E-06,2.49E-07,1.29E-07,7.28E-07,0.002346738,PBP-143,XI_1353,URC,C,tooth,-13.67220546
ACL-11900,9.896879434,15.44422313,17.81168551,23.34260662,4.578653386,10.22343668,381.2132596,2.2998734,435.3341059,1.47E-06,359.9097987,2.72E-05,0.000132612,2.64E-06,3.00E-07,1.37E-07,7.29E-07,0.011833399,PBP-257,XI_1390,LRC,C,tooth,-10.51294314
ACL-11901,12.32754574,20.19419107,20.84953832,29.85971051,6.039790759,5.617436209,27.09330845,2.150645631,1858.502538,1.72E-06,96.34232919,1.93E-06,0.000304935,3.45E-06,3.83E-07,1.81E-07,4.00E-07,0.003589449,PBP-106,XI_1340,LLC,C,tooth,-13.15728305
ACL-11902,3.870246877,6.471859547,7.074542293,9.111829177,2.04013011,3.459994585,64.38586246,2.152415482,1505.834929,7.29E-07,283.5708807,5.72E-06,0.000550781,1.38E-06,1.46E-07,7.61E-08,3.07E-07,0.00861471,PBP-300,XI_1269,ULI2,I2,tooth,-12.07138685
ACL-11905,6.982628691,11.58268002,13.0609269,14.34984805,2.689507263,3.648556628,64.07876341,2.180274424,2003.334729,1.19E-06,161.1463834,5.02E-06,NA,2.18E-06,2.02E-07,8.84E-08,2.86E-07,0.010048175,PBP-328,XI_1369,ULP3,P1,tooth,-12.20293266
ACL-11906,6.990234602,13.61846418,12.89432869,17.26097999,3.561531248,3.36110389,359.5600989,2.224347385,745.8317228,1.22E-06,119.1394033,2.93E-05,0.000202482,2.66E-06,2.53E-07,1.22E-07,2.74E-07,0.021838906,PBP-322,XI_1368,URI1,I1,tooth,-10.43856223
ACL-11690,0.521641684,0.595237615,0.446083899,1.525402896,0.318697262,NA,53.79602153,2.073762663,1048.402859,5.85E-08,NA,6.08E-06,NA,1.61E-07,3.10E-08,1.51E-08,NA,0.006374205,PHA-5-167-1,5_167,LLC,C,tooth,-12.01051909
ACL-11692,0.632522879,1.043640474,0.735198879,1.765636521,0.342064571,NA,21.45725422,2.028550722,1900.003057,1.30E-07,NA,3.28E-06,0.000882138,3.83E-07,4.86E-08,2.20E-08,NA,0.006229126,PHA-5-181-1,5_181,ULM2,M2,tooth,-12.62812998
ACL-11701,0.488357365,0.823513987,0.695601168,1.715475222,NA,NA,6.221966536,2.091030564,1405.799703,1.69E-07,NA,1.31E-06,NA,4.15E-07,6.48E-08,NA,NA,0.001836458,PHA-IV-062-1,IV_062,LRC,C,tooth,-13.54827813
ACL-11707,1.394842061,2.594526347,2.356853136,2.750495016,0.76301256,NA,53.57360928,2.091674495,884.2358882,3.49E-07,NA,6.83E-06,NA,7.94E-07,6.31E-08,4.09E-08,NA,0.006039293,PHA-IV-115-1,IV_115,URM1,M1,tooth,-11.89419213
ACL-11709,4.627624479,8.86315813,7.887960071,10.02794711,1.148928541,NA,0.622803361,2.058685674,1387.25588,1.24E-06,NA,8.42E-08,0.001047499,2.88E-06,2.44E-07,6.52E-08,NA,0.000116821,PHA-IV-174-2,IV_174,URM2,M2,tooth,-16.28995298
ACL-11718,0.999342018,1.460236848,1.171187101,1.94532385,0.190393813,NA,NA,2.045053632,3209.321805,1.76E-07,NA,NA,NA,4.53E-07,4.52E-08,1.03E-08,NA,NA,PHA-IV-215-2,IV_215,ULM2,M2,tooth,NA
ACL-11736,0.76594374,1.25040383,0.926559274,1.138899601,0.383544783,NA,6.877984426,2.095010523,1131.972782,1.37E-07,NA,8.76E-07,NA,3.82E-07,2.61E-08,2.05E-08,NA,0.000992127,PHA-IV-373-1,IV_373,LLM2,M2,tooth,-13.94737693
ACL-11738,4.683545911,7.521708094,5.864877641,10.38417662,2.417333056,NA,91.78218365,2.088341517,769.1306102,8.24E-07,NA,1.11E-05,NA,2.19E-06,2.26E-07,1.23E-07,NA,0.00855317,PHA-IV-378-2,IV_378,LRC,C,tooth,-11.40671414
ACL-11741,1.548358873,2.830871754,2.832545147,4.523363949,0.694063032,NA,NA,2.057049774,2111.28466,4.54E-07,NA,NA,NA,9.38E-07,1.12E-07,4.03E-08,NA,NA,PHA-IV-396-1,IV_396,ULM1,M1,tooth,NA
ACL-11749,1.106814729,2.368768816,1.076572041,2.71460645,0.728755662,NA,1.678571577,2.070002609,969.793528,1.58E-07,NA,2.12E-07,0.000222706,7.18E-07,6.17E-08,3.87E-08,NA,0.000205718,PHA-IV-485-1,IV_485,ULP1,P1,tooth,-15.36608802
ACL-11757,2.780631872,5.297730348,3.755595752,6.010158152,0.570260787,NA,NA,2.027519264,4628.803803,5.23E-07,NA,NA,NA,1.53E-06,1.30E-07,2.88E-08,NA,NA,PHA-IV-521-2,IV_521,URC,C,tooth,NA
ACL-11759,0.323707181,0.412067788,NA,NA,0.297734755,NA,34.01362445,2.061403244,1458.338182,NA,NA,4.90E-06,NA,1.42E-07,NA,1.80E-08,NA,0.007138991,PHA-IV-531-1,IV_531,LRM1,M1,tooth,-12.22723666
ACL-11775,0.465518853,0.81439813,0.568127632,1.391432806,0.389255043,NA,NA,2.033604678,2679.864615,9.55E-08,NA,NA,NA,2.83E-07,3.63E-08,2.37E-08,NA,NA,PHA-IV-599-2,IV_599,LLC,C,tooth,NA
ACL-11776,0.280754304,0.363597994,NA,1.017769643,NA,NA,NA,2.020739626,3338.912906,NA,NA,NA,0.001160122,1.09E-07,2.29E-08,NA,NA,NA,PHA-IV-623-2,IV_623,LLM1,M1,tooth,NA
ACL-11781,0.50335035,1.14080661,0.76503087,1.951477842,0.17275814,NA,NA,2.051951142,1533.200321,1.09E-07,NA,NA,NA,3.37E-07,4.32E-08,8.93E-09,NA,NA,PHA-IV-692-2,IV_692,ULM1,M1,tooth,NA
ACL-11789,4.176537643,8.098787133,7.028726191,10.6646193,1.956848911,NA,NA,2.053185458,2435.766532,1.03E-06,NA,NA,NA,2.45E-06,2.42E-07,1.04E-07,NA,NA,PHA-IV-758-1,IV_758,LLM2,M2,tooth,NA
ACL-11925,1.716360678,3.782171603,2.616268817,4.744314559,1.162769254,NA,NA,2.040822686,2967.465114,3.72E-07,NA,NA,NA,1.11E-06,1.05E-07,5.99E-08,NA,NA,PHA-5-031-1,5_031,ULM2,M2,tooth,NA
ACL-11926,4.424276991,7.943684503,6.969309291,15.03893187,2.814047784,NA,NA,2.053240369,1110.488719,1.17E-06,NA,NA,NA,2.76E-06,3.92E-07,1.71E-07,NA,NA,PHA-5-037-2,5_037,ULM1,M1,tooth,NA
ACL-11927,1.010208959,2.091737593,1.130584319,4.742210627,0.762383428,NA,NA,2.057629421,2593.941171,1.86E-07,NA,NA,NA,7.11E-07,1.21E-07,4.53E-08,NA,NA,PHA-5-166-1,5_166,LRM1,M1,tooth,NA
ACL-11928,0.346254567,0.563167687,NA,1.205404865,NA,NA,NA,2.04136698,1394.616201,NA,NA,NA,0.000535764,1.91E-07,3.06E-08,NA,NA,NA,PHA-5-193-1,5_193,URM2,M2,tooth,NA
ACL-11929,4.310688386,9.980115317,7.435497479,8.365262377,1.506486215,NA,0.331194357,2.063105525,1412.680679,1.09E-06,NA,4.18E-08,NA,3.02E-06,1.90E-07,7.98E-08,NA,5.90E-05,PHA-IV-037-2,IV_037,ULM1,M1,tooth,-16.99064174
ACL-11930,0.84070553,1.654366056,0.98569609,2.723344831,0.493427216,NA,3.014923342,2.014645613,2484.220968,1.58E-07,NA,4.18E-07,0.000804849,5.50E-07,6.79E-08,2.87E-08,NA,0.001038001,PHA-IV-102-2,IV_102,ULM2,M2,tooth,-14.68817248
ACL-11931,1.619864533,2.967494955,2.736503467,3.023400765,0.813260929,NA,NA,2.024017748,2399.690953,4.04E-07,NA,NA,0.000706631,9.06E-07,6.92E-08,4.34E-08,NA,NA,PHA-IV-137-2,IV_137,URM2,M2,tooth,NA
ACL-11932,NA,0.110082554,NA,NA,NA,NA,NA,2.04623462,4196.571846,NA,NA,NA,0.001411017,4.39E-08,NA,NA,NA,NA,PHA-IV-169-2,IV_169,LRP1,P1,tooth,NA
ACL-11933,1.91078187,4.159441547,2.859425276,4.864608932,0.6209652,NA,NA,2.038340855,1907.933215,4.56E-07,NA,NA,0.000664957,1.37E-06,1.20E-07,3.58E-08,NA,NA,PHA-IV-170-1,IV_170,LLC,C,tooth,NA
ACL-11934,2.224630319,4.003565783,3.301409829,6.863907137,0.765501815,NA,41.01262364,2.05842437,1025.433537,5.00E-07,NA,5.36E-06,0.000357181,1.26E-06,1.61E-07,4.20E-08,NA,0.005494904,PHA-IV-229-2,IV_229,LRC,C,tooth,-12.13680501
ACL-11935,0.753156434,0.613218147,0.412169034,1.756593956,0.396292105,NA,16.57417215,2.054473957,1985.976388,6.43E-08,NA,2.23E-06,NA,1.98E-07,4.25E-08,2.24E-08,NA,0.004428371,PHA-IV-232-2,IV_232,LRC,C,tooth,-13.01358952
ACL-11936,NA,0.191269891,NA,NA,NA,NA,NA,2.014772482,6377.626817,NA,NA,NA,NA,6.10E-08,NA,NA,NA,NA,PHA-IV-247-2,IV_247,URP1,P1,tooth,NA
ACL-11937,1.076738122,2.701258725,1.459610388,3.285817141,NA,NA,6.561613995,2.048130584,1289.568057,2.92E-07,NA,1.13E-06,NA,1.12E-06,1.02E-07,NA,NA,0.001457323,PHA-IV-255-2,IV_255,URC,C,tooth,-13.69321674
ACL-11938,0.703560513,1.871266644,0.601302558,1.891047422,NA,NA,1.240759727,2.009650615,2912.941174,9.04E-08,NA,1.61E-07,0.000880024,5.82E-07,4.41E-08,NA,NA,0.000468631,PHA-IV-265-2,IV_265,URM2,M2,tooth,-15.64261434
ACL-11939,NA,0.308731333,NA,NA,NA,NA,NA,2.021294905,2729.171303,NA,NA,NA,0.001341968,9.57E-08,NA,NA,NA,NA,PHA-IV-359-1,IV_359,URM3,M3,tooth,NA
ACL-11940,NA,0.591347402,NA,0.776729044,NA,NA,NA,2.043514849,1531.88757,NA,NA,NA,0.000508022,1.86E-07,1.83E-08,NA,NA,NA,PHA-IV-409-2,IV_409,URM3,M3,tooth,NA
ACL-11941,1.329941516,2.868274173,2.019147686,3.91319358,0.978935025,NA,NA,2.037995851,3646.065576,3.38E-07,NA,NA,0.001299029,9.94E-07,1.02E-07,5.93E-08,NA,NA,PHA-IV-471-2,IV_471,ULM1,M1,tooth,NA
ACL-11942,0.658991155,1.157649085,0.47047851,2.230587025,0.171306399,NA,NA,2.058227012,4146.110935,9.04E-08,NA,NA,NA,4.60E-07,6.65E-08,1.19E-08,NA,NA,PHA-IV-472-2,IV_472,URM3,M3,tooth,NA
ACL-11943,5.272395912,11.08119707,8.849520257,14.16313312,3.772356363,NA,16.8890814,2.074855156,1501.342923,1.37E-06,NA,2.26E-06,0.000575573,3.55E-06,3.41E-07,2.12E-07,NA,0.003388817,PHA-IV-487-1,IV_487,URM2,M2,tooth,-13.0013898
ACL-11944,3.086714546,5.696543702,4.993816367,7.588848967,1.125782341,NA,2.562690377,2.012963796,2738.611671,7.84E-07,NA,3.47E-07,NA,1.85E-06,1.85E-07,6.40E-08,NA,0.000950211,PHA-IV-489-1,IV_489,ULM3,M3,tooth,-14.87403299
ACL-11945,1.17968554,3.886756716,1.638995076,2.580167718,0.70574471,NA,NA,2.047345747,1553.011534,2.68E-07,2.981535889,NA,0.000456192,1.31E-06,6.54E-08,4.17E-08,NA,NA,PHA-IV-530-2,IV_530,LLC,C,tooth,NA
ACL-11946,1.520245581,2.809058676,1.721996624,4.014630974,1.166065169,NA,NA,2.046018107,1294.635878,2.96E-07,NA,NA,NA,1.00E-06,1.07E-07,7.27E-08,NA,NA,PHA-IV-565-1,IV_565,URM3,M3,tooth,NA
ACL-11947,2.933005897,7.714800619,4.936385843,6.847316586,1.005718022,NA,NA,2.03523533,4253.049481,7.64E-07,NA,NA,0.002035678,2.47E-06,1.64E-07,5.63E-08,NA,NA,PHA-IV-619-2,IV_619,LLM2,M2,tooth,NA
ACL-11948,34.92758306,63.05089066,47.70538925,69.88090966,13.18754215,NA,1.508956582,2.07255311,724.2370979,6.83E-06,NA,1.86E-07,0.00019337,1.87E-05,1.55E-06,6.84E-07,NA,0.000134928,PHA-IV-625-2,IV_625,ULM1,M1,tooth,-15.49588886
ACL-11949,2.08053144,3.027374023,2.800506454,3.398168745,0.756973663,NA,NA,2.029065251,7526.259618,3.55E-07,3.358848394,NA,NA,7.95E-07,6.69E-08,3.48E-08,NA,NA,PHA-IV-646-2,IV_646,LLM1,M1,tooth,NA
ACL-11950,1.253316333,2.380209838,2.235957817,3.62312339,0.258008655,NA,NA,2.054722546,1731.877085,3.24E-07,NA,NA,NA,7.14E-07,8.15E-08,1.35E-08,NA,NA,PHA-IV-674-2,IV_674,URM2,M2,tooth,NA
ACL-11951,1.19859472,2.452867774,1.829349281,2.140049231,0.377539415,NA,NA,2.031033824,1310.507939,2.67E-07,NA,NA,NA,7.41E-07,4.85E-08,2.00E-08,NA,NA,PHA-IV-703-1,IV_703,LRM2,M2,tooth,NA
ACL-11952,0.763956716,1.72539292,1.718878,1.246428011,NA,NA,NA,2.027597144,3713.63992,2.79E-07,NA,NA,0.001191413,5.80E-07,3.14E-08,NA,NA,NA,PHA-IV-728-2,IV_728,ULC,C,tooth,NA
ACL-11953,1.305591564,3.040519128,2.792833398,3.679211526,0.71596987,NA,NA,2.054101416,1236.057576,4.49E-07,NA,NA,NA,1.01E-06,9.17E-08,4.16E-08,NA,NA,PHA-IV-733-2,IV_733,LLM2,M2,tooth,NA
ACL-11955,1.942587561,2.996959338,2.737430664,4.678328117,0.700169428,NA,NA,2.041570172,957.7211992,4.18E-07,NA,NA,NA,9.47E-07,1.11E-07,3.87E-08,NA,NA,PHA-IV-761-1,IV_761,ULC,C,tooth,NA
ACL-12039,3.467084087,7.804082239,6.394731263,9.944736203,1.316098889,NA,NA,2.040481322,1212.826726,1.04E-06,NA,NA,NA,2.63E-06,2.51E-07,7.75E-08,NA,NA,PHA-IV-776-2,IV_776,URM1,M1,tooth,NA
ACL-12042,2.121032411,2.959381031,1.950249722,9.461944615,6.719523153,NA,754.8906727,2.306581042,284.4935429,3.20E-07,12.56819173,0.000106759,NA,1.00E-06,2.41E-07,3.99E-07,NA,0.030372144,PHA-5-037-1a,5_037,temporal,NA,bone,-9.144939956
ACL-12043,0.907691902,1.465661474,0.614593177,3.532204671,1.686092492,NA,1058.91964,2.288181182,280.5865013,8.20E-08,84.73265394,0.000121831,NA,4.05E-07,7.31E-08,8.15E-08,NA,0.034184162,PHA-IV-037-1b,IV_037,right temporal fragment,NA,bone,-9.0128749
ACL-12044,2.281846303,4.643795031,2.869309376,6.575470113,2.443036605,NA,648.0940647,2.390425444,160.997349,4.61E-07,47.72560614,8.98E-05,0.000130097,1.55E-06,1.64E-07,1.42E-07,NA,0.014464792,PHA-IV-102-1b,IV_102,right temporal (mastoid process),NA,bone,-9.317425638
ACL-12045,5.297663053,10.00689955,7.040102475,19.78528444,11.90965496,NA,1552.931759,2.281358621,219.1135662,8.74E-07,35.59554844,0.000166263,0.00016731,2.57E-06,3.81E-07,5.36E-07,NA,0.036430564,PHA-IV-137-1b,IV_137,left temporal fragement,NA,bone,-8.701937363
ACL-12046,5.663059867,7.16609898,6.763551889,18.64290306,7.327598083,NA,724.0298359,2.339071414,279.2481326,8.83E-07,NA,8.15E-05,NA,1.94E-06,3.78E-07,3.46E-07,NA,0.022760797,PHA-IV-147-1b,IV_147,right petrous,NA,bone,-9.41481639
ACL-12047,1.403975797,2.437146061,1.334501706,3.68843364,1.937004696,NA,635.4163554,2.202086181,304.2818995,1.77E-07,NA,7.26E-05,0.000155324,6.68E-07,7.59E-08,9.30E-08,NA,0.022095532,PHA-IV-169-1b,IV_169,left temporal (mastoid process),NA,bone,-9.53033444
ACL-12048,0.432145145,0.677148829,NA,1.091432068,0.3291566,NA,690.363643,2.330471948,246.8088178,NA,NA,8.10E-05,7.11E-05,1.91E-07,2.30E-08,1.62E-08,NA,0.019989693,PHA-IV-174-1b,IV_174,right temporal fragment,NA,bone,-9.421152499
ACL-12049,1.61968983,2.052661508,1.466642685,4.676565445,2.491794807,NA,727.7550325,2.344412516,215.0769073,2.00E-07,94.83438134,8.58E-05,0.000102893,5.81E-07,9.92E-08,1.23E-07,NA,0.018445467,PHA-IV-180-1b,IV_180,right temporal fragment,NA,bone,-9.363932325
ACL-12050,2.348799686,4.092645553,5.212758726,8.783330062,1.933809769,NA,1022.571872,2.34153521,163.1302393,6.79E-07,44.58082339,0.000114878,0.00010547,1.10E-06,1.78E-07,9.12E-08,NA,0.018740112,PHA-IV-204-1b,IV_204,left temporal fragement,NA,bone,-9.071637938
ACL-12051,4.075021214,5.725542175,4.778718742,12.72999496,6.568764579,NA,1433.348552,2.330329646,229.4993866,6.42E-07,NA,0.000165907,NA,1.59E-06,2.65E-07,3.19E-07,NA,0.038075511,PHA-IV-215-1b,IV_215,left temporal (squama),NA,bone,-8.704084321
ACL-12052,4.214426023,7.126901519,5.417928371,10.09714113,2.249492111,NA,1450.299489,2.248439817,284.2158617,7.16E-07,63.37800575,0.00016516,0.000315028,1.95E-06,2.07E-07,1.08E-07,NA,0.046941012,PHA-IV-225-1b,IV_225,left temporal (mastoid process),NA,bone,-8.708597553
ACL-12053,0.308234313,0.566490112,0.4415241,NA,NA,NA,1090.73213,2.25524195,276.6672234,5.46E-08,NA,0.000116177,NA,1.45E-07,NA,NA,NA,0.032142309,PHA-IV-229-1b,IV_229,right temporal fragment,NA,bone,-9.0603975
ACL-12054,1.892190643,3.097263279,2.726513426,5.609989658,1.621368829,NA,907.8389945,2.27633498,343.1572094,3.57E-07,NA,0.000102503,7.94E-05,8.39E-07,1.14E-07,7.69E-08,NA,0.035174529,PHA-IV-232-1b,IV_232,right temporal (mastoid process),NA,bone,-9.185621751
ACL-12055,8.110347732,12.68202448,11.34611242,24.21034773,11.47879946,NA,891.846138,2.30108583,272.5702778,1.51E-06,27.06144994,0.000102089,0.000620944,3.48E-06,4.99E-07,5.52E-07,NA,0.027826401,PHA-IV-247-1b,IV_247,left temporal fragment,NA,bone,-9.189666498
ACL-12056,0.71185281,0.75892254,0.558145603,1.350638417,0.873570917,NA,565.6781911,2.298435527,194.7094488,7.91E-08,64.87855198,6.91E-05,8.02E-05,2.23E-07,2.97E-08,4.48E-08,NA,0.013462797,PHA-IV-255-1b,IV_255,right temporal fragment,NA,bone,-9.579333585
ACL-12057,10.31802244,16.49891851,13.18630667,21.98262087,6.2503484,NA,1104.89432,2.372666305,132.6469569,1.84E-06,57.72691674,0.000132898,0.000448755,4.76E-06,4.76E-07,3.16E-07,NA,0.017628529,PHA-IV-264-1b,IV_264,temporal fragment,NA,bone,-8.925927844
ACL-12058,4.31996073,9.864883604,5.820446437,8.836125142,2.973818417,NA,1224.597959,2.433569437,110.4705324,8.17E-07,86.71751424,0.000148122,0.000127534,2.86E-06,1.92E-07,1.51E-07,NA,0.01636307,PHA-IV-265-1b,IV_265,temporal fragment,NA,bone,-8.817477147
ACL-12059,0.992840108,1.826376358,1.45224254,2.8567726,0.40947508,NA,673.6798724,2.260666073,255.4175338,2.02E-07,53.60008814,8.10E-05,0.000119708,5.27E-07,6.18E-08,2.07E-08,NA,0.020676359,PHA-IV-372-1b,IV_372,left temporal,NA,bone,-9.421663914
ACL-12060,0.549172764,0.62419551,0.345457816,3.334010814,1.850433262,NA,1405.385913,2.391582242,167.2330107,5.02E-08,55.01199425,0.000176201,NA,1.88E-07,7.52E-08,9.74E-08,NA,0.029466612,PHA-IV-378-1b,IV_378,left temporal (mastoid process),NA,bone,-8.643885575
ACL-12061,0.309546752,0.578450935,NA,1.106688372,NA,NA,965.386564,2.420266125,167.3044559,NA,134.8025784,0.000115,NA,1.65E-07,2.37E-08,NA,NA,0.019239979,PHA-IV-400-1b,IV_400,right petrous fragment,NA,bone,-9.070580182
ACL-12062,7.267029828,14.2983319,9.731782951,23.26856186,8.418201523,NA,788.2328253,2.267268996,201.4471316,1.84E-06,47.12166913,0.000128699,0.00015377,5.60E-06,6.84E-07,5.77E-07,NA,0.025926117,PHA-IV-401-1b,IV_401,right temporal (mastoid process),NA,bone,-8.95803143
ACL-12063,4.332801581,8.333177645,5.003565347,11.72003419,4.178348552,NA,544.1356119,2.212893861,312.127009,6.57E-07,NA,6.16E-05,0.000324917,2.26E-06,2.39E-07,1.99E-07,NA,0.019231606,PHA-IV-409-1b,IV_409,temporal fragment,NA,bone,-9.694610395
ACL-12064,4.364559997,7.297984841,6.829133582,8.282041445,2.658394364,NA,980.8215912,2.325929741,171.7416171,9.03E-07,32.45432178,0.000111759,0.000389767,2.00E-06,1.70E-07,1.27E-07,NA,0.019193688,PHA-IV-428-1b,IV_428,right temporal fragment,NA,bone,-9.099164907
ACL-12065,7.33144785,11.53608953,8.584900264,16.61286126,7.359841386,NA,1009.744606,2.281182849,223.9113871,1.17E-06,12.42951627,0.000118728,0.000308768,3.26E-06,3.52E-07,3.63E-07,NA,0.026584595,PHA-IV-431-1b,IV_431,right temporal fragment,NA,bone,-9.038673734
ACL-12066,6.371427572,12.79807328,10.40670806,13.30209515,4.422556551,NA,613.7838834,2.357402916,163.8747445,1.18E-06,114.7806476,5.98E-05,0.000289088,2.99E-06,2.33E-07,1.81E-07,NA,0.009797715,PHA-IV-471-1b,IV_471,left temporal (mastoid process),NA,bone,-9.724708446
ACL-12067,0.549966311,1.181569959,0.736035855,2.180326417,NA,NA,910.4411759,2.38905646,158.0364531,1.05E-07,74.80957828,0.000112279,0.000205364,3.50E-07,4.84E-08,NA,NA,0.017744226,PHA-IV-472-1b,IV_472,left temporal fragment,NA,bone,-9.094520842
ACL-12068,1.841716294,3.398762406,2.690055652,3.145326582,0.477740134,NA,779.6104093,2.381414875,149.3010247,3.14E-07,159.9795508,7.84E-05,0.000151336,8.20E-07,5.69E-08,2.02E-08,NA,0.011704684,PHA-IV-482-1b,IV_482,left temporal fragment,NA,bone,-9.453730713
ACL-12069,2.463228099,4.892770709,4.495876644,5.96130565,1.121096446,NA,953.4860213,2.358609542,151.7659763,6.29E-07,124.6751755,0.000115057,0.00012923,1.42E-06,1.29E-07,5.68E-08,NA,0.017461757,PHA-IV-511-1b,IV_511,left temporal (mastoid process),NA,bone,-9.070081808
ACL-12070,5.158543085,7.442281047,4.659761443,14.54141314,6.985138022,NA,718.6842842,2.295392138,201.9438207,6.08E-07,133.4760668,8.09E-05,0.000204073,2.01E-06,2.94E-07,3.30E-07,NA,0.016329151,PHA-IV-521-1b,IV_521,right mastoid fragment,NA,bone,-9.422792933
ACL-12071,2.842997243,6.548689331,3.280908774,6.681819347,2.0327489,NA,337.7770011,2.385311738,147.1807772,5.31E-07,98.80209121,4.71E-05,0.000167675,2.19E-06,1.68E-07,1.19E-07,NA,0.006934221,PHA-IV-524-1b,IV_524,right mastoid fragment,NA,bone,-9.96294817
ACL-12072,9.862411821,25.71145286,13.63872229,33.09604276,12.04409099,NA,727.7795549,2.193409155,287.19373,1.98E-06,4.317293975,9.09E-05,0.000474952,7.70E-06,7.44E-07,6.32E-07,NA,0.026097381,PHA-IV-530-1b,IV_530,left temporal fragment,NA,bone,-9.306077314
ACL-12073,4.922704689,8.352744593,5.658480266,15.52487477,6.582512301,NA,510.8530183,2.165869298,273.6226113,6.76E-07,87.07007731,5.26E-05,0.000439871,2.06E-06,2.88E-07,2.85E-07,NA,0.014385981,PHA-IV-578-1,IV_578,right petrous,NA,bone,-9.85325092
ACL-12074,3.936240646,3.956976676,2.665006895,12.88352694,9.184768931,NA,867.0882666,2.340337248,278.0468986,3.78E-07,32.39158897,0.000106087,0.000355584,1.16E-06,2.84E-07,4.72E-07,NA,0.029497092,PHA-IV-581-1b,IV_581,left temporal (fragments),NA,bone,-9.15125339
ACL-12075,14.81895247,16.27831478,18.54007548,56.85954161,21.36296111,NA,547.1112558,2.319777309,303.979998,2.46E-06,NA,6.27E-05,0.000627368,4.47E-06,1.17E-06,1.03E-06,NA,0.019044761,PHA-IV-599-1b,IV_599,right temporal fragment,NA,bone,-9.67792512
ACL-12076,2.791423566,5.613149255,3.223278389,7.90104181,5.04340407,NA,591.5116112,2.319142166,200.1659759,3.77E-07,48.22169238,5.96E-05,0.000114225,1.36E-06,1.43E-07,2.13E-07,NA,0.011922474,PHA-IV-619-1b,IV_619,left temporal (squama),NA,bone,-9.728477009
ACL-12077,2.947416567,5.29118046,2.143967691,9.682739815,6.139758814,NA,994.0193351,2.343634744,200.0867801,1.68E-07,73.27482713,6.73E-05,0.000103805,8.60E-07,1.18E-07,1.75E-07,NA,0.01346731,PHA-IV-620-1,IV_620,right temporal,NA,bone,-9.606241168
ACL-12078,11.49611931,23.1346781,20.1360831,31.45575319,7.77178845,NA,1347.407776,2.285376186,235.5471279,1.40E-06,120.8946479,8.09E-05,0.000586644,3.33E-06,3.40E-07,1.96E-07,NA,0.019046951,PHA-IV-623-1b,IV_623,left temporal fragment,NA,bone,-9.422759279
ACL-12079,1.933610151,3.768666351,3.010942795,6.461558418,1.403419121,NA,433.7679163,2.439898347,137.3768273,3.78E-07,NA,4.70E-05,2.66E-05,9.80E-07,1.26E-07,6.38E-08,NA,0.00645403,PHA-IV-625-1b,IV_625,left temporal fragment,NA,bone,-9.965778246
ACL-12080,1.048732793,1.704883315,0.517056078,3.300075046,2.012778074,NA,523.0893796,2.348709518,191.2393445,7.99E-08,95.91074027,6.97E-05,0.000151628,5.45E-07,7.92E-08,1.13E-07,NA,0.013331556,PHA-IV-637-1b,IV_637,left petrous,NA,bone,-9.571147167
ACL-12081,3.123585536,6.584233995,5.385610527,7.661592855,1.601941062,NA,1129.789195,2.378680855,153.7448717,4.62E-07,17.87794145,8.36E-05,0.000179596,1.17E-06,1.02E-07,4.98E-08,NA,0.012858051,PHA-IV-646-1b,IV_646,left temporal (mastoid process),NA,bone,-9.389079688
ACL-12082,5.472416571,5.899575504,5.212496815,13.94373436,7.724095694,NA,240.1519747,2.268414064,220.3796511,1.42E-06,42.51522631,5.66E-05,0.000367072,3.34E-06,5.91E-07,7.64E-07,NA,0.012465917,PHA-IV-674-1b,IV_674,left temporal fragment,NA,bone,-9.780108718
ACL-12083,0.630604975,0.601194837,0.396103051,1.524083762,1.748695589,NA,14518.03624,2.30386114,275.3433683,3.62E-08,NA,0.001144604,0.000702786,1.14E-07,2.16E-08,5.79E-08,NA,0.315159094,PHA-IV-692-1b,IV_692,right temporal fragment,NA,bone,-6.772696638
ACL-12084,9.108618477,8.658120132,6.218598794,24.15922805,14.40627165,NA,610.0827265,2.332943638,196.2303609,8.73E-07,22.50018027,7.38E-05,0.000351423,2.51E-06,5.26E-07,7.32E-07,NA,0.014482727,PHA-IV-694-1b,IV_694,left temporal fragment,NA,bone,-9.514087873
ACL-12085,1.994010934,2.628406185,2.034184233,4.27228458,2.598478138,NA,361.8829478,2.390452315,205.3577974,3.28E-07,96.19366346,5.03E-05,0.000196202,8.78E-07,1.07E-07,1.52E-07,NA,0.010339503,PHA-IV-719-1b,IV_719,right temporal fragment,NA,bone,-9.896537262
ACL-12086,3.180985067,5.127290669,3.51100198,9.484437717,3.817415101,NA,255.9860986,2.283626173,267.6652983,7.18E-07,9.147880664,4.51E-05,0.000574712,2.17E-06,3.01E-07,2.83E-07,NA,0.012076906,PHA-IV-728-1b,IV_728,right mastoid fragment,NA,bone,-10.00619755
ACL-12087,2.920569962,5.366907553,4.155412064,6.33339855,1.209957823,NA,566.5466422,2.332390892,174.6418845,5.82E-07,136.9911376,6.84E-05,0.000136533,1.56E-06,1.38E-07,6.14E-08,NA,0.011951632,PHA-IV-733-1b,IV_733,right temporal fragment,NA,bone,-9.589624951
ACL-12088,6.965128739,12.21731707,10.07419057,18.37486395,6.485110002,NA,744.8099812,2.313634344,232.9239456,1.35E-06,68.26568018,8.61E-05,0.000524481,3.39E-06,3.83E-07,3.15E-07,NA,0.020064737,PHA-IV-734-1a,IV_734,left temporal fragment,NA,bone,-9.35950335
ACL-12089,2.636165813,5.144883773,3.31956735,5.052233492,2.113653992,NA,508.3226766,2.306166138,203.3736299,5.69E-07,64.22296948,7.51E-05,0.000184223,1.82E-06,1.34E-07,1.31E-07,NA,0.015272324,PHA-IV-754-1b,IV_754,left temporal fragment,NA,bone,-9.49675783
ACL-12090,12.65719646,12.4230734,9.491599789,37.52412306,21.03712184,NA,456.900807,2.329974162,218.066621,1.31E-06,38.72496746,5.46E-05,0.000400315,3.56E-06,8.07E-07,1.06E-06,NA,0.011899342,PHA-IV-776-1b,IV_776,right temporal fragment,NA,bone,-9.816072813
ACL-12091,1.210506537,2.019948717,1.063086634,2.386116322,1.513789345,NA,1026.586027,2.366690617,197.599437,1.80E-07,43.86099356,0.000149777,0.000298417,7.07E-07,6.27E-08,9.28E-08,NA,0.029595929,PHA-IV-782-1b,IV_782,right temporal fragment,NA,bone,-8.806360392
ACL-12092,0.564251557,0.963702039,0.594103976,2.121870049,1.090020321,NA,833.8829128,2.29539914,252.1072403,1.10E-07,NA,0.000133053,0.000270987,3.69E-07,6.09E-08,7.30E-08,NA,0.033543516,PHA-IX-829-1,IX_829,petrous fragment,NA,bone,-8.924766254
ACL-11687,0.74594031,1.453147051,1.184213918,2.026604394,0.724536436,NA,18.75012071,2.070349814,1434.06218,1.87E-07,NA,2.55E-06,NA,4.75E-07,4.97E-08,4.14E-08,NA,0.003659854,PHA-5-135-2,5_135,URM1,M1,tooth,-12.87859838
ACL-11697,1.188563471,2.497486809,1.685846282,2.18667568,NA,NA,17.11060433,2.051915222,1612.83001,2.91E-07,NA,2.55E-06,NA,8.92E-07,5.86E-08,NA,NA,0.004105723,PHA-5-218-2,5_218,URM1,M1,tooth,-12.88111917
ACL-11706,0.922240608,2.059296395,1.706410462,3.179470339,0.616281005,NA,7.845040371,2.049783553,3108.340273,2.49E-07,NA,9.86E-07,NA,6.21E-07,7.19E-08,3.25E-08,NA,0.003063498,PHA-IV-147-3,IV_147,URM1,M1,tooth,-13.83004197
ACL-11714,1.671075428,3.5005237,2.66163629,3.820524859,0.652535626,NA,NA,2.060395236,2308.116028,3.96E-07,NA,NA,NA,1.08E-06,8.82E-08,3.51E-08,NA,NA,PHA-IV-202-1,IV_202,ULM3,M3,tooth,NA
ACL-11715,2.189177101,4.333303511,3.256714392,6.033178576,0.818253061,NA,30.68228988,2.061896527,1117.594785,4.37E-07,NA,3.55E-06,0.000533447,1.20E-06,1.26E-07,3.98E-08,NA,0.003970863,PHA-IV-202-2,IV_202,URM1,M1,tooth,-12.54770587
ACL-11719,NA,NA,NA,NA,NA,NA,NA,2.048192252,2157.12537,NA,NA,NA,NA,NA,NA,NA,NA,NA,PHA-IV-220-2,IV_220,LRM1,M1,tooth,NA
ACL-11721,4.437011962,7.967197831,5.652898264,9.23654319,2.355436297,NA,1.046782165,2.048049475,2802.46172,9.03E-07,NA,1.44E-07,0.001305909,2.63E-06,2.29E-07,1.36E-07,NA,0.000404173,PHA-IV-225-2,IV_225,ULM3,M3,tooth,-15.75192046
ACL-11722,NA,0.301500569,NA,NA,NA,NA,NA,2.065421128,1250.335603,NA,NA,NA,NA,9.64E-08,NA,NA,NA,NA,PHA-IV-225-3,IV_225,ULM1,M1,tooth,NA
ACL-11729,7.007816244,15.02130162,10.64246201,19.09775188,3.37868947,NA,1.553709028,2.057625872,2510.362864,1.60E-06,NA,2.02E-07,0.000900055,4.68E-06,4.47E-07,1.84E-07,NA,0.000506652,PHA-IV-281-2,IV_281,URM1,M1,tooth,-15.41586899
ACL-11731,0.30260904,0.404669704,0.504746524,1.084048913,NA,NA,NA,2.043435194,2017.814301,7.43E-08,NA,NA,NA,1.23E-07,2.48E-08,NA,NA,NA,PHA-IV-356-1,IV_356,URM3,M3,tooth,NA
ACL-11732,0.629653569,0.798334677,0.756663041,2.294415898,0.343812018,NA,NA,2.046856871,1558.583909,1.09E-07,NA,NA,0.000391282,2.38E-07,5.14E-08,1.80E-08,NA,NA,PHA-IV-356-2,IV_356,LRM1,M1,tooth,NA
ACL-11735,0.287449025,0.603323601,0.223449017,1.649757317,NA,NA,NA,2.03270861,2172.610596,3.36E-08,NA,NA,0.000499614,1.88E-07,3.85E-08,NA,NA,NA,PHA-IV-372-3,IV_372,LRM1,M1,tooth,NA
ACL-11739,1.069266553,2.285550234,1.180623757,3.21809338,1.007063784,NA,NA,2.047966585,2047.482987,1.77E-07,NA,NA,NA,7.11E-07,7.51E-08,5.48E-08,NA,NA,PHA-IV-380-1,IV_380,URM3,M3,tooth,NA
ACL-11743,0.542941966,1.171037615,1.057101932,1.472689564,NA,NA,NA,2.018466131,3551.877971,1.77E-07,NA,NA,NA,4.05E-07,3.82E-08,NA,NA,NA,PHA-IV-400-2,IV_400,ULM1,M1,tooth,NA
ACL-11763,1.679271316,2.415382988,2.390462467,6.53086118,0.315735208,NA,NA,2.062724407,1697.379179,3.38E-07,NA,NA,NA,7.07E-07,1.43E-07,1.62E-08,NA,NA,PHA-IV-555-1,IV_555,URM3,M3,tooth,NA
ACL-11786,NA,NA,NA,NA,NA,NA,NA,2.047759739,3727.556682,NA,NA,NA,NA,NA,NA,NA,NA,NA,PHA-IV-734-2,IV_734,URM1,M1,tooth,NA
ACL-11792,1.699816994,2.629233362,1.526785674,4.354921483,0.557293918,NA,6.01950668,2.030413993,3787.130589,2.20E-07,NA,7.47E-07,NA,7.84E-07,9.73E-08,2.91E-08,NA,0.002830779,PHA-IV-782-3,IV_782,LLM1,M1,tooth,-14.10656739
ACL-11794,0.820603151,1.65848403,1.216337382,2.645716158,0.320080038,NA,NA,2.05451244,2088.100857,1.93E-07,NA,NA,NA,5.45E-07,6.52E-08,1.84E-08,NA,NA,PHA-IX-826-1,IX_826,URM3,M3,tooth,NA
ACL-11795,0.581411045,1.174929337,0.607305372,1.618376389,NA,NA,NA,2.049827025,2560.780528,1.15E-07,NA,NA,NA,4.58E-07,4.74E-08,NA,NA,NA,PHA-IX-826-2,IX_826,URM1,M1,tooth,NA
ACL-11907,0.908911341,2.25401811,1.316152767,3.471395036,0.514094562,NA,NA,2.046776834,2011.780415,2.06E-07,NA,NA,NA,7.29E-07,8.43E-08,2.91E-08,NA,NA,PHA-IV-372-2,IV_372,LRM3,M3,tooth,NA
ACL-11908,3.054380387,5.979431335,4.727479512,8.518201423,1.809963346,NA,46.64080228,2.075718724,1056.629327,8.59E-07,NA,7.31E-06,NA,2.25E-06,2.40E-07,1.19E-07,NA,0.007722806,PHA-IV-380-2,IV_380,URM1,M1,tooth,-11.82641673
ACL-11909,2.033631723,3.84482629,3.028578076,4.845808979,0.53877509,NA,NA,2.069852721,1855.962514,4.17E-07,NA,NA,0.000647526,1.09E-06,1.03E-07,2.68E-08,NA,NA,PHA-IV-147-2,IV_147,LLM3,M3,tooth,NA
ACL-11910,0.950818135,2.111829866,1.087792766,1.892153126,0.214103573,NA,NA,2.017343946,3953.697164,1.38E-07,NA,NA,0.00134763,5.53E-07,3.72E-08,9.82E-09,NA,NA,PHA-IV-400-3,IV_400,LLM3,M3,tooth,NA
ACL-11911,NA,0.119878376,NA,NA,NA,NA,NA,2.039005506,1624.368273,NA,NA,NA,NA,3.65E-08,NA,NA,NA,NA,PHA-IV-555-2,IV_555,LRM1,M1,tooth,NA
ACL-11912,0.647444001,1.185627277,0.553951052,1.238694056,0.230109165,NA,NA,2.073057858,1657.810527,9.37E-08,NA,NA,NA,4.15E-07,3.25E-08,1.41E-08,NA,NA,PHA-IV-734-1,IV_734,LLM3,M3,tooth,NA
ACL-11913,1.384661394,2.391846462,1.590576522,2.209426317,0.692631354,NA,4.443615678,2.061357191,1984.42746,2.32E-07,NA,5.60E-07,0.001245811,7.23E-07,5.01E-08,3.66E-08,NA,0.001110813,PHA-5-102-2,5_102,LLM1,M1,tooth,-14.39574921
ACL-11914,1.077710867,2.197706378,1.043177446,2.877557127,0.616865033,NA,NA,2.061397219,4320.99379,1.50E-07,NA,NA,NA,6.52E-07,6.40E-08,3.20E-08,NA,NA,PHA-IV-063-1,IV_063,URM3,M3,tooth,NA
ACL-11915,1.515024254,2.710354268,1.985488276,3.604477931,0.72608468,NA,8.135227223,2.073454892,850.3798189,3.08E-07,NA,1.09E-06,0.000222207,8.70E-07,8.68E-08,4.08E-08,NA,0.000925633,PHA-IV-063-2,IV_063,URM1,M1,tooth,-13.730716
ACL-11916,NA,0.203361433,NA,0.95747038,NA,NA,NA,2.04664166,3367.812925,NA,NA,NA,0.00142689,6.20E-08,2.19E-08,NA,NA,NA,PHA-IV-220-1,IV_220,LLM3,M3,tooth,NA
ACL-11917,0.275072218,0.515098204,0.290311399,0.908078673,NA,NA,NA,2.044056247,2310.258291,4.55E-08,NA,NA,NA,1.67E-07,2.21E-08,NA,NA,NA,PHA-IV-281-1,IV_281,LRM3,M3,tooth,NA
ACL-11918,2.661830078,5.507930016,3.871280439,7.251830428,0.970560307,NA,NA,2.024940185,2668.129074,5.74E-07,NA,NA,NA,1.69E-06,1.67E-07,5.21E-08,NA,NA,PHA-IV-488-1,IV_488,URM3,M3,tooth,NA
ACL-11919,4.532087651,11.11387704,7.489117715,13.04640201,2.352799582,NA,NA,2.038545175,2940.288149,1.31E-06,NA,NA,NA,4.02E-06,3.54E-07,1.49E-07,NA,NA,PHA-IV-488-2,IV_488,URM1,M1,tooth,NA
ACL-11920,0.414747709,0.824280066,0.39521201,1.061377703,NA,NA,NA,2.052618071,1471.792293,6.84E-08,NA,NA,0.000517214,2.95E-07,2.85E-08,NA,NA,NA,PHA-IV-560-1,IV_560,ULM3,M3,tooth,NA
ACL-11921,0.561700053,0.692480107,NA,1.723663592,0.419459532,NA,3.330996346,2.071347674,1039.603737,NA,NA,4.41E-07,NA,2.20E-07,4.10E-08,2.33E-08,NA,0.000458133,PHA-IV-560-2,IV_560,URM1,M1,tooth,-14.63494614
ACL-11922,0.76756058,1.736093349,0.487737635,1.766804,0.302366507,NA,NA,2.085342619,904.6673216,8.69E-08,NA,NA,NA,6.40E-07,4.89E-08,1.95E-08,NA,NA,PHA-IV-743-2,IV_743,LLM1,M1,tooth,NA
ACL-11923,1.488397944,2.082394568,1.50167912,3.620438561,0.920755753,NA,NA,2.031978503,2114.206323,1.99E-07,NA,NA,NA,5.72E-07,7.46E-08,4.43E-08,NA,NA,PHA-5-135-1,5_135,LLM3,M3,tooth,NA
ACL-11924,2.046911454,3.957020486,2.941634627,5.133750245,0.533317731,NA,0.559173688,2.057341917,2858.281553,4.63E-07,NA,7.59E-08,NA,1.29E-06,1.25E-07,3.04E-08,NA,0.000216869,PHA-5-218-1,5_218,URM3,M3,tooth,-16.39419244
ACL-11954,0.440603769,0.958356323,0.574917025,0.795841891,NA,NA,NA,2.034070257,2637.542117,8.38E-08,NA,NA,NA,2.89E-07,1.80E-08,NA,NA,NA,PHA-IV-743-1,IV_743,ULM3,M3,tooth,NA
ACL-11891,2.60439918,5.179591768,4.548541259,7.036944157,1.037496499,NA,33.86684125,2.254446264,1419.129966,6.90E-07,NA,4.43E-06,NA,1.63E-06,1.66E-07,5.70E-08,NA,0.006289038,PBP-174,XI_1360,URM2,M2,tooth,-12.32674648
ACL-11869,2.858664265,4.037265801,3.054558989,9.552828446,4.993394288,NA,1466.449492,2.534769976,264.3998703,4.64E-07,74.58087088,0.000192012,0.000246794,1.27E-06,2.25E-07,2.75E-07,NA,0.050767867,PBP-056,XI_1281,prox. Hand phalanx (1/2),NA,bone,-8.557954285
